Date,Colony,TimePoint,Core,YII,Sample.Time
2015-06-30,S1,T0,S1-10,0.525,T0_S1-10
2015-08-04,S1,T1,S1-10,0.554,T1_S1-10
2015-10-02,S1,T2,S1-10,0.555,T2_S1-10
2015-10-21,S1,T3,S1-10,0.571,T3_S1-10
2015-12-12,S1,T4,S1-10,0.55,T4_S1-10
2016-01-14,S1,T5,S1-10,0.547,T5_S1-10
2015-06-30,S1,T0,S1-11,0.528,T0_S1-11
2015-08-04,S1,T1,S1-11,0.583,T1_S1-11
2015-10-02,S1,T2,S1-11,0.557,T2_S1-11
2015-10-21,S1,T3,S1-11,0.538,T3_S1-11
2015-12-12,S1,T4,S1-11,0.526,T4_S1-11
2016-01-14,S1,T5,S1-11,0.526,T5_S1-11
2016-01-25,S1,T6,S1-11,0.486,T6_S1-11
2016-02-01,S1,T7,S1-11,0.459,T7_S1-11
2016-02-05,S1,T8,S1-11,0.479,T8_S1-11
2016-02-12,S1,T9,S1-11,0.227,T9_S1-11
2016-02-22,S1,T10,S1-11,0.048,T10_S1-11
2016-04-05,S1,T11,S1-11,0.462,T11_S1-11
2015-06-30,S1,T0,S1-12,0.523,T0_S1-12
2015-08-04,S1,T1,S1-12,0.553,T1_S1-12
2015-10-02,S1,T2,S1-12,0.573,T2_S1-12
2015-10-21,S1,T3,S1-12,0.566,T3_S1-12
2015-12-12,S1,T4,S1-12,0.527,T4_S1-12
2016-01-14,S1,T5,S1-12,0.534,T5_S1-12
2015-06-30,S1,T0,S1-13,0.54,T0_S1-13
2015-08-04,S1,T1,S1-13,0.572,T1_S1-13
2015-10-02,S1,T2,S1-13,0.56,T2_S1-13
2015-10-21,S1,T3,S1-13,0.549,T3_S1-13
2015-12-12,S1,T4,S1-13,0.527,T4_S1-13
2016-01-14,S1,T5,S1-13,0.558,T5_S1-13
2016-01-25,S1,T6,S1-13,0.501,T6_S1-13
2016-02-01,S1,T7,S1-13,0.462,T7_S1-13
2016-02-05,S1,T8,S1-13,0.495,T8_S1-13
2016-02-12,S1,T9,S1-13,0.259,T9_S1-13
2016-02-22,S1,T10,S1-13,0.048,T10_S1-13
2016-04-05,S1,T11,S1-13,0.458,T11_S1-13
2015-06-30,S1,T0,S1-14,0.539,T0_S1-14
2015-08-04,S1,T1,S1-14,0.587,T1_S1-14
2015-10-02,S1,T2,S1-14,0.571,T2_S1-14
2015-10-21,S1,T3,S1-14,0.552,T3_S1-14
2015-12-12,S1,T4,S1-14,0.532,T4_S1-14
2016-01-14,S1,T5,S1-14,0.54,T5_S1-14
2016-01-25,S1,T6,S1-14,0.516,T6_S1-14
2016-02-01,S1,T7,S1-14,0.464,T7_S1-14
2016-02-05,S1,T8,S1-14,0.472,T8_S1-14
2016-02-12,S1,T9,S1-14,0.187,T9_S1-14
2015-06-30,S1,T0,S1-15,0.513,T0_S1-15
2015-08-04,S1,T1,S1-15,0.562,T1_S1-15
2015-10-02,S1,T2,S1-15,0.538,T2_S1-15
2015-10-21,S1,T3,S1-15,0.539,T3_S1-15
2015-12-12,S1,T4,S1-15,0.524,T4_S1-15
2016-01-14,S1,T5,S1-15,0.534,T5_S1-15
2016-01-25,S1,T6,S1-15,0.544,T6_S1-15
2016-02-01,S1,T7,S1-15,0.5,T7_S1-15
2016-02-05,S1,T8,S1-15,0.457,T8_S1-15
2016-02-12,S1,T9,S1-15,0.307,T9_S1-15
2016-02-22,S1,T10,S1-15,0.027,T10_S1-15
2016-04-05,S1,T11,S1-15,0.468,T11_S1-15
2015-06-30,S1,T0,S1-16,0.539,T0_S1-16
2015-08-04,S1,T1,S1-16,0.57,T1_S1-16
2015-10-02,S1,T2,S1-16,0.577,T2_S1-16
2015-10-21,S1,T3,S1-16,0.583,T3_S1-16
2015-12-12,S1,T4,S1-16,0.55,T4_S1-16
2016-01-14,S1,T5,S1-16,0.545,T5_S1-16
2016-01-25,S1,T6,S1-16,0.494,T6_S1-16
2016-02-01,S1,T7,S1-16,0.501,T7_S1-16
2016-02-05,S1,T8,S1-16,0.491,T8_S1-16
2016-02-12,S1,T9,S1-16,0.254,T9_S1-16
2016-02-22,S1,T10,S1-16,0.063,T10_S1-16
2016-04-05,S1,T11,S1-16,0.597,T11_S1-16
2015-06-30,S1,T0,S1-17,0.507,T0_S1-17
2015-08-04,S1,T1,S1-17,0.551,T1_S1-17
2015-10-02,S1,T2,S1-17,0.565,T2_S1-17
2015-10-21,S1,T3,S1-17,0.517,T3_S1-17
2015-12-12,S1,T4,S1-17,0.547,T4_S1-17
2016-01-14,S1,T5,S1-17,0.569,T5_S1-17
2016-01-25,S1,T6,S1-17,0.438,T6_S1-17
2016-02-01,S1,T7,S1-17,0.479,T7_S1-17
2016-02-05,S1,T8,S1-17,0.447,T8_S1-17
2016-02-12,S1,T9,S1-17,0.353,T9_S1-17
2016-02-22,S1,T10,S1-17,0.038,T10_S1-17
2016-04-05,S1,T11,S1-17,0.558,T11_S1-17
2015-06-30,S1,T0,S1-18,0.504,T0_S1-18
2015-08-04,S1,T1,S1-18,0.577,T1_S1-18
2015-10-02,S1,T2,S1-18,0.588,T2_S1-18
2015-10-21,S1,T3,S1-18,0.592,T3_S1-18
2015-12-12,S1,T4,S1-18,0.547,T4_S1-18
2016-01-14,S1,T5,S1-18,0.573,T5_S1-18
2015-06-30,S1,T0,S1-19,0.546,T0_S1-19
2015-08-04,S1,T1,S1-19,0.504,T1_S1-19
2015-10-02,S1,T2,S1-19,0.475,T2_S1-19
2015-10-21,S1,T3,S1-19,0.484,T3_S1-19
2015-12-12,S1,T4,S1-19,0.542,T4_S1-19
2016-01-14,S1,T5,S1-19,0.607,T5_S1-19
2016-01-25,S1,T6,S1-19,0.567,T6_S1-19
2016-02-01,S1,T7,S1-19,0.546,T7_S1-19
2016-02-05,S1,T8,S1-19,0.559,T8_S1-19
2016-02-12,S1,T9,S1-19,0.551,T9_S1-19
2015-06-30,S1,T0,S1-2,0.522,T0_S1-2
2015-08-04,S1,T1,S1-2,0.579,T1_S1-2
2015-10-02,S1,T2,S1-2,0.596,T2_S1-2
2015-10-21,S1,T3,S1-2,0.579,T3_S1-2
2015-12-12,S1,T4,S1-2,0.557,T4_S1-2
2016-01-14,S1,T5,S1-2,0.581,T5_S1-2
2016-01-25,S1,T6,S1-2,0.531,T6_S1-2
2016-02-01,S1,T7,S1-2,0.552,T7_S1-2
2016-02-05,S1,T8,S1-2,0.553,T8_S1-2
2016-02-12,S1,T9,S1-2,0.259,T9_S1-2
2016-02-22,S1,T10,S1-2,0,T10_S1-2
2016-04-05,S1,T11,S1-2,0.564,T11_S1-2
2015-06-30,S1,T0,S1-20,0.509,T0_S1-20
2015-08-04,S1,T1,S1-20,0.522,T1_S1-20
2015-10-02,S1,T2,S1-20,0.506,T2_S1-20
2015-10-21,S1,T3,S1-20,0.611,T3_S1-20
2015-12-12,S1,T4,S1-20,0.424,T4_S1-20
2016-01-14,S1,T5,S1-20,0.556,T5_S1-20
2016-01-25,S1,T6,S1-20,0.463,T6_S1-20
2016-02-01,S1,T7,S1-20,0.526,T7_S1-20
2016-02-05,S1,T8,S1-20,0.527,T8_S1-20
2016-04-05,S1,T11,S1-20,0.496,T11_S1-20
2015-06-30,S1,T0,S1-21,0.52,T0_S1-21
2015-08-04,S1,T1,S1-21,0.593,T1_S1-21
2015-10-02,S1,T2,S1-21,0.475,T2_S1-21
2015-10-21,S1,T3,S1-21,0.449,T3_S1-21
2015-12-12,S1,T4,S1-21,0.569,T4_S1-21
2016-01-14,S1,T5,S1-21,0.534,T5_S1-21
2016-01-25,S1,T6,S1-21,0.475,T6_S1-21
2016-02-01,S1,T7,S1-21,0.475,T7_S1-21
2016-02-05,S1,T8,S1-21,0.511,T8_S1-21
2016-02-12,S1,T9,S1-21,0.518,T9_S1-21
2016-04-05,S1,T11,S1-21,0.501,T11_S1-21
2015-06-30,S1,T0,S1-22,0.524,T0_S1-22
2015-08-04,S1,T1,S1-22,0.528,T1_S1-22
2015-10-02,S1,T2,S1-22,0.545,T2_S1-22
2015-10-21,S1,T3,S1-22,0.577,T3_S1-22
2015-12-12,S1,T4,S1-22,0.562,T4_S1-22
2016-01-14,S1,T5,S1-22,0.636,T5_S1-22
2016-01-25,S1,T6,S1-22,0.565,T6_S1-22
2016-02-01,S1,T7,S1-22,0.554,T7_S1-22
2016-02-05,S1,T8,S1-22,0.534,T8_S1-22
2016-02-12,S1,T9,S1-22,0.519,T9_S1-22
2016-02-22,S1,T10,S1-22,0.443,T10_S1-22
2016-04-05,S1,T11,S1-22,0.533,T11_S1-22
2015-06-30,S1,T0,S1-23,0.539,T0_S1-23
2015-08-04,S1,T1,S1-23,0.545,T1_S1-23
2015-10-02,S1,T2,S1-23,0.555,T2_S1-23
2015-10-21,S1,T3,S1-23,0.535,T3_S1-23
2015-12-12,S1,T4,S1-23,0.533,T4_S1-23
2016-01-14,S1,T5,S1-23,0.554,T5_S1-23
2016-01-25,S1,T6,S1-23,0.508,T6_S1-23
2016-02-01,S1,T7,S1-23,0.497,T7_S1-23
2016-02-05,S1,T8,S1-23,0.497,T8_S1-23
2016-02-12,S1,T9,S1-23,0.279,T9_S1-23
2015-06-30,S1,T0,S1-24,0.508,T0_S1-24
2015-08-04,S1,T1,S1-24,0.541,T1_S1-24
2015-10-02,S1,T2,S1-24,0.538,T2_S1-24
2015-10-21,S1,T3,S1-24,0.534,T3_S1-24
2015-12-12,S1,T4,S1-24,0.512,T4_S1-24
2016-01-14,S1,T5,S1-24,0.511,T5_S1-24
2015-06-30,S1,T0,S1-25,0.526,T0_S1-25
2015-08-04,S1,T1,S1-25,0.561,T1_S1-25
2015-10-02,S1,T2,S1-25,0.554,T2_S1-25
2015-10-21,S1,T3,S1-25,0.531,T3_S1-25
2015-12-12,S1,T4,S1-25,0.532,T4_S1-25
2016-01-14,S1,T5,S1-25,0.58,T5_S1-25
2016-01-25,S1,T6,S1-25,0.531,T6_S1-25
2016-02-01,S1,T7,S1-25,0.498,T7_S1-25
2016-02-05,S1,T8,S1-25,0.407,T8_S1-25
2016-02-12,S1,T9,S1-25,0.119,T9_S1-25
2015-06-30,S1,T0,S1-26,0.528,T0_S1-26
2015-08-04,S1,T1,S1-26,0.563,T1_S1-26
2015-10-02,S1,T2,S1-26,0.55,T2_S1-26
2015-10-21,S1,T3,S1-26,0.553,T3_S1-26
2015-12-12,S1,T4,S1-26,0.542,T4_S1-26
2016-01-14,S1,T5,S1-26,0.543,T5_S1-26
2016-01-25,S1,T6,S1-26,0.557,T6_S1-26
2016-02-01,S1,T7,S1-26,0.508,T7_S1-26
2016-02-05,S1,T8,S1-26,0.478,T8_S1-26
2016-02-22,S1,T10,S1-26,0,T10_S1-26
2016-04-05,S1,T11,S1-26,0.517,T11_S1-26
2015-06-30,S1,T0,S1-28,0.534,T0_S1-28
2015-08-04,S1,T1,S1-28,0.6,T1_S1-28
2015-10-02,S1,T2,S1-28,0.61,T2_S1-28
2015-10-21,S1,T3,S1-28,0.596,T3_S1-28
2015-12-12,S1,T4,S1-28,0.546,T4_S1-28
2016-01-14,S1,T5,S1-28,0.573,T5_S1-28
2016-01-25,S1,T6,S1-28,0.553,T6_S1-28
2016-02-01,S1,T7,S1-28,0.558,T7_S1-28
2016-02-05,S1,T8,S1-28,0.527,T8_S1-28
2016-02-12,S1,T9,S1-28,0.376,T9_S1-28
2015-06-30,S1,T0,S1-29,0.509,T0_S1-29
2015-08-04,S1,T1,S1-29,0.593,T1_S1-29
2015-10-02,S1,T2,S1-29,0.449,T2_S1-29
2015-10-21,S1,T3,S1-29,0.437,T3_S1-29
2015-12-12,S1,T4,S1-29,0.547,T4_S1-29
2016-01-14,S1,T5,S1-29,0.523,T5_S1-29
2016-01-25,S1,T6,S1-29,0.491,T6_S1-29
2016-02-01,S1,T7,S1-29,0.493,T7_S1-29
2016-02-05,S1,T8,S1-29,0.492,T8_S1-29
2016-02-12,S1,T9,S1-29,0.505,T9_S1-29
2016-04-05,S1,T11,S1-29,0.502,T11_S1-29
2015-06-30,S1,T0,S1-3,0.505,T0_S1-3
2015-08-04,S1,T1,S1-3,0.547,T1_S1-3
2015-10-02,S1,T2,S1-3,0.496,T2_S1-3
2015-10-21,S1,T3,S1-3,0.492,T3_S1-3
2015-12-12,S1,T4,S1-3,0.39,T4_S1-3
2016-01-14,S1,T5,S1-3,0.54,T5_S1-3
2016-01-25,S1,T6,S1-3,0.473,T6_S1-3
2016-02-01,S1,T7,S1-3,0.519,T7_S1-3
2016-02-05,S1,T8,S1-3,0.536,T8_S1-3
2016-02-12,S1,T9,S1-3,0.382,T9_S1-3
2016-04-05,S1,T11,S1-3,0.524,T11_S1-3
2015-06-30,S1,T0,S1-30,0.513,T0_S1-30
2015-08-04,S1,T1,S1-30,0.569,T1_S1-30
2015-10-02,S1,T2,S1-30,0.591,T2_S1-30
2015-10-21,S1,T3,S1-30,0.542,T3_S1-30
2015-12-12,S1,T4,S1-30,0.556,T4_S1-30
2016-01-14,S1,T5,S1-30,0.577,T5_S1-30
2016-01-25,S1,T6,S1-30,0.516,T6_S1-30
2016-02-01,S1,T7,S1-30,0.491,T7_S1-30
2016-02-05,S1,T8,S1-30,0.467,T8_S1-30
2016-02-12,S1,T9,S1-30,0.259,T9_S1-30
2016-02-22,S1,T10,S1-30,0.226,T10_S1-30
2016-04-05,S1,T11,S1-30,0.552,T11_S1-30
2015-06-30,S1,T0,S1-4,0.535,T0_S1-4
2015-08-04,S1,T1,S1-4,0.523,T1_S1-4
2015-10-02,S1,T2,S1-4,0.435,T2_S1-4
2015-10-21,S1,T3,S1-4,0.423,T3_S1-4
2015-12-12,S1,T4,S1-4,0.514,T4_S1-4
2016-01-14,S1,T5,S1-4,0.584,T5_S1-4
2016-01-25,S1,T6,S1-4,0.544,T6_S1-4
2016-02-01,S1,T7,S1-4,0.568,T7_S1-4
2016-02-05,S1,T8,S1-4,0.535,T8_S1-4
2016-02-12,S1,T9,S1-4,0.516,T9_S1-4
2016-02-22,S1,T10,S1-4,0.446,T10_S1-4
2016-04-05,S1,T11,S1-4,0.533,T11_S1-4
2015-06-30,S1,T0,S1-5,0.516,T0_S1-5
2015-08-04,S1,T1,S1-5,0.558,T1_S1-5
2015-10-02,S1,T2,S1-5,0.585,T2_S1-5
2015-10-21,S1,T3,S1-5,0.601,T3_S1-5
2015-12-12,S1,T4,S1-5,0.555,T4_S1-5
2016-01-14,S1,T5,S1-5,0.579,T5_S1-5
2016-01-25,S1,T6,S1-5,0.565,T6_S1-5
2016-02-01,S1,T7,S1-5,0.555,T7_S1-5
2016-02-05,S1,T8,S1-5,0.473,T8_S1-5
2016-02-12,S1,T9,S1-5,0.41,T9_S1-5
2016-02-22,S1,T10,S1-5,0,T10_S1-5
2016-04-05,S1,T11,S1-5,0.561,T11_S1-5
2015-06-30,S1,T0,S1-6,0.519,T0_S1-6
2015-08-04,S1,T1,S1-6,0.527,T1_S1-6
2015-10-02,S1,T2,S1-6,0.539,T2_S1-6
2015-10-21,S1,T3,S1-6,0.528,T3_S1-6
2015-12-12,S1,T4,S1-6,0.542,T4_S1-6
2016-01-14,S1,T5,S1-6,0.558,T5_S1-6
2016-01-25,S1,T6,S1-6,0.527,T6_S1-6
2016-02-01,S1,T7,S1-6,0.546,T7_S1-6
2016-02-05,S1,T8,S1-6,0.501,T8_S1-6
2016-02-12,S1,T9,S1-6,0.364,T9_S1-6
2016-02-22,S1,T10,S1-6,0.032,T10_S1-6
2016-04-05,S1,T11,S1-6,0.602,T11_S1-6
2015-06-30,S1,T0,S1-7,0.528,T0_S1-7
2015-08-04,S1,T1,S1-7,0.537,T1_S1-7
2015-10-02,S1,T2,S1-7,0.537,T2_S1-7
2015-10-21,S1,T3,S1-7,0.57,T3_S1-7
2015-12-12,S1,T4,S1-7,0.537,T4_S1-7
2016-01-14,S1,T5,S1-7,0.609,T5_S1-7
2015-06-30,S1,T0,S1-8,0.522,T0_S1-8
2015-08-04,S1,T1,S1-8,0.556,T1_S1-8
2015-10-02,S1,T2,S1-8,0.592,T2_S1-8
2015-10-21,S1,T3,S1-8,0.538,T3_S1-8
2015-12-12,S1,T4,S1-8,0.553,T4_S1-8
2016-01-14,S1,T5,S1-8,0.568,T5_S1-8
2015-06-30,S1,T0,S1-9,0.527,T0_S1-9
2015-08-04,S1,T1,S1-9,0.55,T1_S1-9
2015-10-02,S1,T2,S1-9,0.555,T2_S1-9
2015-10-21,S1,T3,S1-9,0.537,T3_S1-9
2015-12-12,S1,T4,S1-9,0.541,T4_S1-9
2016-01-14,S1,T5,S1-9,0.549,T5_S1-9
2016-01-25,S1,T6,S1-9,0.533,T6_S1-9
2016-02-01,S1,T7,S1-9,0.526,T7_S1-9
2016-02-05,S1,T8,S1-9,0.489,T8_S1-9
2016-02-12,S1,T9,S1-9,0.331,T9_S1-9
2015-06-30,S2,T0,S2-1,0.574,T0_S2-1
2015-08-04,S2,T1,S2-1,0.583,T1_S2-1
2015-10-02,S2,T2,S2-1,0.572,T2_S2-1
2015-10-21,S2,T3,S2-1,0.591,T3_S2-1
2015-12-12,S2,T4,S2-1,0.564,T4_S2-1
2016-01-14,S2,T5,S2-1,0.619,T5_S2-1
2016-01-25,S2,T6,S2-1,0.578,T6_S2-1
2016-02-01,S2,T7,S2-1,0.558,T7_S2-1
2016-02-05,S2,T8,S2-1,0.552,T8_S2-1
2016-02-12,S2,T9,S2-1,0.559,T9_S2-1
2016-02-22,S2,T10,S2-1,0.516,T10_S2-1
2016-04-05,S2,T11,S2-1,0.528,T11_S2-1
2015-06-30,S2,T0,S2-10,0.551,T0_S2-10
2015-08-04,S2,T1,S2-10,0.555,T1_S2-10
2015-10-02,S2,T2,S2-10,0.543,T2_S2-10
2015-10-21,S2,T3,S2-10,0.506,T3_S2-10
2015-12-12,S2,T4,S2-10,0.495,T4_S2-10
2016-01-14,S2,T5,S2-10,0.523,T5_S2-10
2016-01-25,S2,T6,S2-10,0.537,T6_S2-10
2016-02-01,S2,T7,S2-10,0.552,T7_S2-10
2016-02-05,S2,T8,S2-10,0.551,T8_S2-10
2016-02-12,S2,T9,S2-10,0.499,T9_S2-10
2016-02-22,S2,T10,S2-10,0.25,T10_S2-10
2016-04-05,S2,T11,S2-10,0.531,T11_S2-10
2015-06-30,S2,T0,S2-11,0.556,T0_S2-11
2015-08-04,S2,T1,S2-11,0.577,T1_S2-11
2015-10-02,S2,T2,S2-11,0.546,T2_S2-11
2015-10-21,S2,T3,S2-11,0.55,T3_S2-11
2015-12-12,S2,T4,S2-11,0.506,T4_S2-11
2016-01-14,S2,T5,S2-11,0.523,T5_S2-11
2016-01-25,S2,T6,S2-11,0.567,T6_S2-11
2016-02-01,S2,T7,S2-11,0.568,T7_S2-11
2016-02-05,S2,T8,S2-11,0.556,T8_S2-11
2016-02-12,S2,T9,S2-11,0.517,T9_S2-11
2015-06-30,S2,T0,S2-13,0.568,T0_S2-13
2015-08-04,S2,T1,S2-13,0.596,T1_S2-13
2015-10-02,S2,T2,S2-13,0.584,T2_S2-13
2015-10-21,S2,T3,S2-13,0.557,T3_S2-13
2015-12-12,S2,T4,S2-13,0.549,T4_S2-13
2016-01-14,S2,T5,S2-13,0.56,T5_S2-13
2015-06-30,S2,T0,S2-14,0.574,T0_S2-14
2015-08-04,S2,T1,S2-14,0.606,T1_S2-14
2015-10-02,S2,T2,S2-14,0.618,T2_S2-14
2015-10-21,S2,T3,S2-14,0.604,T3_S2-14
2015-12-12,S2,T4,S2-14,0.565,T4_S2-14
2016-01-14,S2,T5,S2-14,0.586,T5_S2-14
2016-01-25,S2,T6,S2-14,0.585,T6_S2-14
2016-02-01,S2,T7,S2-14,0.582,T7_S2-14
2016-02-05,S2,T8,S2-14,0.591,T8_S2-14
2016-02-12,S2,T9,S2-14,0.555,T9_S2-14
2016-02-22,S2,T10,S2-14,0.337,T10_S2-14
2016-04-05,S2,T11,S2-14,0.568,T11_S2-14
2015-06-30,S2,T0,S2-15,0.561,T0_S2-15
2015-08-04,S2,T1,S2-15,0.565,T1_S2-15
2015-10-02,S2,T2,S2-15,0.579,T2_S2-15
2015-10-21,S2,T3,S2-15,0.606,T3_S2-15
2015-12-12,S2,T4,S2-15,0.561,T4_S2-15
2016-01-14,S2,T5,S2-15,0.632,T5_S2-15
2016-01-25,S2,T6,S2-15,0.581,T6_S2-15
2016-02-01,S2,T7,S2-15,0.553,T7_S2-15
2016-02-05,S2,T8,S2-15,0.564,T8_S2-15
2016-02-12,S2,T9,S2-15,0.574,T9_S2-15
2015-06-30,S2,T0,S2-16,0.561,T0_S2-16
2015-08-04,S2,T1,S2-16,0.564,T1_S2-16
2015-10-02,S2,T2,S2-16,0.553,T2_S2-16
2015-10-21,S2,T3,S2-16,0.541,T3_S2-16
2015-12-12,S2,T4,S2-16,0.511,T4_S2-16
2016-01-14,S2,T5,S2-16,0.522,T5_S2-16
2016-01-25,S2,T6,S2-16,0.55,T6_S2-16
2016-02-01,S2,T7,S2-16,0.546,T7_S2-16
2016-02-05,S2,T8,S2-16,0.542,T8_S2-16
2016-02-12,S2,T9,S2-16,0.505,T9_S2-16
2016-02-22,S2,T10,S2-16,0.284,T10_S2-16
2016-04-05,S2,T11,S2-16,0.594,T11_S2-16
2015-06-30,S2,T0,S2-18,0.55,T0_S2-18
2015-08-04,S2,T1,S2-18,0.581,T1_S2-18
2015-10-02,S2,T2,S2-18,0.563,T2_S2-18
2015-10-21,S2,T3,S2-18,0.591,T3_S2-18
2015-12-12,S2,T4,S2-18,0.536,T4_S2-18
2016-01-14,S2,T5,S2-18,0.546,T5_S2-18
2016-01-25,S2,T6,S2-18,0.543,T6_S2-18
2016-02-01,S2,T7,S2-18,0.556,T7_S2-18
2016-02-05,S2,T8,S2-18,0.575,T8_S2-18
2016-02-12,S2,T9,S2-18,0.517,T9_S2-18
2015-06-30,S2,T0,S2-19,0.549,T0_S2-19
2015-08-04,S2,T1,S2-19,0.625,T1_S2-19
2015-10-02,S2,T2,S2-19,0.532,T2_S2-19
2015-10-21,S2,T3,S2-19,0.486,T3_S2-19
2015-12-12,S2,T4,S2-19,0.47,T4_S2-19
2016-01-14,S2,T5,S2-19,0.536,T5_S2-19
2016-01-25,S2,T6,S2-19,0.475,T6_S2-19
2016-02-01,S2,T7,S2-19,0.458,T7_S2-19
2016-02-05,S2,T8,S2-19,0.491,T8_S2-19
2016-02-12,S2,T9,S2-19,0.502,T9_S2-19
2016-04-05,S2,T11,S2-19,0.441,T11_S2-19
2015-06-30,S2,T0,S2-2,0.572,T0_S2-2
2015-08-04,S2,T1,S2-2,0.597,T1_S2-2
2015-10-02,S2,T2,S2-2,0.578,T2_S2-2
2015-10-21,S2,T3,S2-2,0.543,T3_S2-2
2015-12-12,S2,T4,S2-2,0.522,T4_S2-2
2016-01-14,S2,T5,S2-2,0.543,T5_S2-2
2015-06-30,S2,T0,S2-20,0.569,T0_S2-20
2015-08-04,S2,T1,S2-20,0.562,T1_S2-20
2015-10-02,S2,T2,S2-20,0.539,T2_S2-20
2015-10-21,S2,T3,S2-20,0.525,T3_S2-20
2015-12-12,S2,T4,S2-20,0.532,T4_S2-20
2016-01-14,S2,T5,S2-20,0.598,T5_S2-20
2015-06-30,S2,T0,S2-21,0.57,T0_S2-21
2015-08-04,S2,T1,S2-21,0.745,T1_S2-21
2015-10-02,S2,T2,S2-21,0.587,T2_S2-21
2015-10-21,S2,T3,S2-21,0.564,T3_S2-21
2015-12-12,S2,T4,S2-21,0.53,T4_S2-21
2016-01-14,S2,T5,S2-21,0.557,T5_S2-21
2015-06-30,S2,T0,S2-22,0.556,T0_S2-22
2015-08-04,S2,T1,S2-22,0.576,T1_S2-22
2015-10-02,S2,T2,S2-22,0.551,T2_S2-22
2015-10-21,S2,T3,S2-22,0.548,T3_S2-22
2015-12-12,S2,T4,S2-22,0.509,T4_S2-22
2016-01-14,S2,T5,S2-22,0.536,T5_S2-22
2016-01-25,S2,T6,S2-22,0.565,T6_S2-22
2016-02-01,S2,T7,S2-22,0.567,T7_S2-22
2016-02-05,S2,T8,S2-22,0.557,T8_S2-22
2016-02-12,S2,T9,S2-22,0.53,T9_S2-22
2016-02-22,S2,T10,S2-22,0.347,T10_S2-22
2016-04-05,S2,T11,S2-22,0.539,T11_S2-22
2015-06-30,S2,T0,S2-23,0.553,T0_S2-23
2015-08-04,S2,T1,S2-23,0.597,T1_S2-23
2015-10-02,S2,T2,S2-23,0.611,T2_S2-23
2015-10-21,S2,T3,S2-23,0.598,T3_S2-23
2015-12-12,S2,T4,S2-23,0.559,T4_S2-23
2016-01-14,S2,T5,S2-23,0.575,T5_S2-23
2015-06-30,S2,T0,S2-24,0.555,T0_S2-24
2015-08-04,S2,T1,S2-24,0.58,T1_S2-24
2015-10-02,S2,T2,S2-24,0.569,T2_S2-24
2015-10-21,S2,T3,S2-24,0.572,T3_S2-24
2015-12-12,S2,T4,S2-24,0.502,T4_S2-24
2016-01-14,S2,T5,S2-24,0.55,T5_S2-24
2016-01-25,S2,T6,S2-24,0.555,T6_S2-24
2016-02-01,S2,T7,S2-24,0.553,T7_S2-24
2016-02-05,S2,T8,S2-24,0.55,T8_S2-24
2016-02-12,S2,T9,S2-24,0.517,T9_S2-24
2016-02-22,S2,T10,S2-24,0.258,T10_S2-24
2016-04-05,S2,T11,S2-24,0.565,T11_S2-24
2015-06-30,S2,T0,S2-25,0.553,T0_S2-25
2015-08-04,S2,T1,S2-25,0.543,T1_S2-25
2015-10-02,S2,T2,S2-25,0.547,T2_S2-25
2015-10-21,S2,T3,S2-25,0.532,T3_S2-25
2015-12-12,S2,T4,S2-25,0.5,T4_S2-25
2016-01-14,S2,T5,S2-25,0.509,T5_S2-25
2015-06-30,S2,T0,S2-27,0.557,T0_S2-27
2015-08-04,S2,T1,S2-27,0.598,T1_S2-27
2015-10-02,S2,T2,S2-27,0.555,T2_S2-27
2015-10-21,S2,T3,S2-27,0.641,T3_S2-27
2015-12-12,S2,T4,S2-27,0.427,T4_S2-27
2016-01-14,S2,T5,S2-27,0.531,T5_S2-27
2016-01-25,S2,T6,S2-27,0.465,T6_S2-27
2016-02-01,S2,T7,S2-27,0.495,T7_S2-27
2016-02-05,S2,T8,S2-27,0.517,T8_S2-27
2016-04-05,S2,T11,S2-27,0.468,T11_S2-27
2015-06-30,S2,T0,S2-28,0.566,T0_S2-28
2015-08-04,S2,T1,S2-28,0.579,T1_S2-28
2015-10-02,S2,T2,S2-28,0.594,T2_S2-28
2015-10-21,S2,T3,S2-28,0.622,T3_S2-28
2015-12-12,S2,T4,S2-28,0.569,T4_S2-28
2016-01-14,S2,T5,S2-28,0.578,T5_S2-28
2016-01-25,S2,T6,S2-28,0.581,T6_S2-28
2016-02-01,S2,T7,S2-28,0.578,T7_S2-28
2016-02-05,S2,T8,S2-28,0.599,T8_S2-28
2016-02-12,S2,T9,S2-28,0.533,T9_S2-28
2015-06-30,S2,T0,S2-29,0.572,T0_S2-29
2015-08-04,S2,T1,S2-29,0.55,T1_S2-29
2015-10-02,S2,T2,S2-29,0.536,T2_S2-29
2015-10-21,S2,T3,S2-29,0.522,T3_S2-29
2015-12-12,S2,T4,S2-29,0.547,T4_S2-29
2016-01-14,S2,T5,S2-29,0.619,T5_S2-29
2016-01-25,S2,T6,S2-29,0.579,T6_S2-29
2016-02-01,S2,T7,S2-29,0.568,T7_S2-29
2016-02-05,S2,T8,S2-29,0.571,T8_S2-29
2016-02-12,S2,T9,S2-29,0.579,T9_S2-29
2016-02-22,S2,T10,S2-29,0.53,T10_S2-29
2016-04-05,S2,T11,S2-29,0.542,T11_S2-29
2015-06-30,S2,T0,S2-3,0.561,T0_S2-3
2015-08-04,S2,T1,S2-3,0.556,T1_S2-3
2015-10-02,S2,T2,S2-3,0.559,T2_S2-3
2015-10-21,S2,T3,S2-3,0.568,T3_S2-3
2015-12-12,S2,T4,S2-3,0.531,T4_S2-3
2016-01-14,S2,T5,S2-3,0.555,T5_S2-3
2016-01-25,S2,T6,S2-3,0.576,T6_S2-3
2016-02-01,S2,T7,S2-3,0.549,T7_S2-3
2016-02-05,S2,T8,S2-3,0.549,T8_S2-3
2016-02-12,S2,T9,S2-3,0.534,T9_S2-3
2016-02-22,S2,T10,S2-3,0.333,T10_S2-3
2016-04-05,S2,T11,S2-3,0.496,T11_S2-3
2015-06-30,S2,T0,S2-30,0.554,T0_S2-30
2015-08-04,S2,T1,S2-30,0.58,T1_S2-30
2015-10-02,S2,T2,S2-30,0.602,T2_S2-30
2015-10-21,S2,T3,S2-30,0.622,T3_S2-30
2015-12-12,S2,T4,S2-30,0.577,T4_S2-30
2016-01-14,S2,T5,S2-30,0.596,T5_S2-30
2016-01-25,S2,T6,S2-30,0.59,T6_S2-30
2016-02-01,S2,T7,S2-30,0.587,T7_S2-30
2016-02-05,S2,T8,S2-30,0.585,T8_S2-30
2016-02-12,S2,T9,S2-30,0.553,T9_S2-30
2016-02-22,S2,T10,S2-30,0.366,T10_S2-30
2016-04-05,S2,T11,S2-30,0.576,T11_S2-30
2015-06-30,S2,T0,S2-31,0.571,T0_S2-31
2015-08-04,S2,T1,S2-31,0.584,T1_S2-31
2015-10-02,S2,T2,S2-31,0.567,T2_S2-31
2015-10-21,S2,T3,S2-31,0.58,T3_S2-31
2015-12-12,S2,T4,S2-31,0.512,T4_S2-31
2016-01-14,S2,T5,S2-31,0.514,T5_S2-31
2016-01-25,S2,T6,S2-31,0.529,T6_S2-31
2016-02-01,S2,T7,S2-31,0.546,T7_S2-31
2016-02-05,S2,T8,S2-31,0.559,T8_S2-31
2016-02-12,S2,T9,S2-31,0.451,T9_S2-31
2016-02-22,S2,T10,S2-31,0.151,T10_S2-31
2016-04-05,S2,T11,S2-31,0.59,T11_S2-31
2015-06-30,S2,T0,S2-4,0.569,T0_S2-4
2015-08-04,S2,T1,S2-4,0.582,T1_S2-4
2015-10-02,S2,T2,S2-4,0.552,T2_S2-4
2015-10-21,S2,T3,S2-4,0.585,T3_S2-4
2015-12-12,S2,T4,S2-4,0.527,T4_S2-4
2016-01-14,S2,T5,S2-4,0.524,T5_S2-4
2016-01-25,S2,T6,S2-4,0.535,T6_S2-4
2016-02-01,S2,T7,S2-4,0.562,T7_S2-4
2016-02-05,S2,T8,S2-4,0.543,T8_S2-4
2016-02-12,S2,T9,S2-4,0.491,T9_S2-4
2015-06-30,S2,T0,S2-5,0.567,T0_S2-5
2015-08-04,S2,T1,S2-5,0.607,T1_S2-5
2015-10-02,S2,T2,S2-5,0.529,T2_S2-5
2015-10-21,S2,T3,S2-5,0.626,T3_S2-5
2015-12-12,S2,T4,S2-5,0.406,T4_S2-5
2016-01-14,S2,T5,S2-5,0.53,T5_S2-5
2016-01-25,S2,T6,S2-5,0.46,T6_S2-5
2016-02-01,S2,T7,S2-5,0.489,T7_S2-5
2016-02-05,S2,T8,S2-5,0.506,T8_S2-5
2016-04-05,S2,T11,S2-5,0.456,T11_S2-5
2015-06-30,S2,T0,S2-6,0.569,T0_S2-6
2015-08-04,S2,T1,S2-6,0.638,T1_S2-6
2015-10-02,S2,T2,S2-6,0.547,T2_S2-6
2015-10-21,S2,T3,S2-6,0.483,T3_S2-6
2015-12-12,S2,T4,S2-6,0.425,T4_S2-6
2016-01-14,S2,T5,S2-6,0.53,T5_S2-6
2016-01-25,S2,T6,S2-6,0.479,T6_S2-6
2016-02-01,S2,T7,S2-6,0.466,T7_S2-6
2016-02-05,S2,T8,S2-6,0.473,T8_S2-6
2016-02-12,S2,T9,S2-6,0.496,T9_S2-6
2016-04-05,S2,T11,S2-6,0.459,T11_S2-6
2015-06-30,S2,T0,S2-7,0.56,T0_S2-7
2015-08-04,S2,T1,S2-7,0.59,T1_S2-7
2015-10-02,S2,T2,S2-7,0.576,T2_S2-7
2015-10-21,S2,T3,S2-7,0.585,T3_S2-7
2015-12-12,S2,T4,S2-7,0.538,T4_S2-7
2016-01-14,S2,T5,S2-7,0.55,T5_S2-7
2016-01-25,S2,T6,S2-7,0.551,T6_S2-7
2016-02-01,S2,T7,S2-7,0.56,T7_S2-7
2016-02-05,S2,T8,S2-7,0.565,T8_S2-7
2016-02-12,S2,T9,S2-7,0.513,T9_S2-7
2016-02-22,S2,T10,S2-7,0.254,T10_S2-7
2016-04-05,S2,T11,S2-7,0.574,T11_S2-7
2015-06-30,S2,T0,S2-8,0.564,T0_S2-8
2015-08-04,S2,T1,S2-8,0.605,T1_S2-8
2015-10-02,S2,T2,S2-8,0.589,T2_S2-8
2015-10-21,S2,T3,S2-8,0.566,T3_S2-8
2015-12-12,S2,T4,S2-8,0.552,T4_S2-8
2016-01-14,S2,T5,S2-8,0.56,T5_S2-8
2016-01-25,S2,T6,S2-8,0.582,T6_S2-8
2016-02-01,S2,T7,S2-8,0.55,T7_S2-8
2016-02-05,S2,T8,S2-8,0.564,T8_S2-8
2016-02-12,S2,T9,S2-8,0.503,T9_S2-8
2016-02-22,S2,T10,S2-8,0.279,T10_S2-8
2016-04-05,S2,T11,S2-8,0.478,T11_S2-8
2015-06-30,S2,T0,S2-9,0.559,T0_S2-9
2015-08-04,S2,T1,S2-9,0.569,T1_S2-9
2015-10-02,S2,T2,S2-9,0.558,T2_S2-9
2015-10-21,S2,T3,S2-9,0.57,T3_S2-9
2015-12-12,S2,T4,S2-9,0.537,T4_S2-9
2016-01-14,S2,T5,S2-9,0.547,T5_S2-9
2016-01-25,S2,T6,S2-9,0.573,T6_S2-9
2016-02-01,S2,T7,S2-9,0.55,T7_S2-9
2016-02-05,S2,T8,S2-9,0.556,T8_S2-9
2016-02-12,S2,T9,S2-9,0.538,T9_S2-9
2015-06-30,S3,T0,S3-1,0.561,T0_S3-1
2015-08-04,S3,T1,S3-1,0.557,T1_S3-1
2015-10-02,S3,T2,S3-1,0.594,T2_S3-1
2015-10-21,S3,T3,S3-1,0.614,T3_S3-1
2015-12-12,S3,T4,S3-1,0.575,T4_S3-1
2016-01-14,S3,T5,S3-1,0.589,T5_S3-1
2015-06-30,S3,T0,S3-10,0.552,T0_S3-10
2015-08-04,S3,T1,S3-10,0.57,T1_S3-10
2015-10-02,S3,T2,S3-10,0.556,T2_S3-10
2015-10-21,S3,T3,S3-10,0.545,T3_S3-10
2015-12-12,S3,T4,S3-10,0.547,T4_S3-10
2016-01-14,S3,T5,S3-10,0.597,T5_S3-10
2016-01-25,S3,T6,S3-10,0.582,T6_S3-10
2016-02-01,S3,T7,S3-10,0.499,T7_S3-10
2016-02-05,S3,T8,S3-10,0.524,T8_S3-10
2016-02-12,S3,T9,S3-10,0.53,T9_S3-10
2015-06-30,S3,T0,S3-11,0.575,T0_S3-11
2015-08-04,S3,T1,S3-11,0.566,T1_S3-11
2015-10-02,S3,T2,S3-11,0.568,T2_S3-11
2015-10-21,S3,T3,S3-11,0.594,T3_S3-11
2015-12-12,S3,T4,S3-11,0.577,T4_S3-11
2016-01-14,S3,T5,S3-11,0.592,T5_S3-11
2016-01-25,S3,T6,S3-11,0.538,T6_S3-11
2016-02-01,S3,T7,S3-11,0.389,T7_S3-11
2016-02-05,S3,T8,S3-11,0.219,T8_S3-11
2016-02-12,S3,T9,S3-11,0.373,T9_S3-11
2016-02-22,S3,T10,S3-11,0.2,T10_S3-11
2016-04-05,S3,T11,S3-11,0.588,T11_S3-11
2015-06-30,S3,T0,S3-12,0.542,T0_S3-12
2015-08-04,S3,T1,S3-12,0.533,T1_S3-12
2015-10-02,S3,T2,S3-12,0.564,T2_S3-12
2015-10-21,S3,T3,S3-12,0.559,T3_S3-12
2015-12-12,S3,T4,S3-12,0.558,T4_S3-12
2016-01-14,S3,T5,S3-12,0.589,T5_S3-12
2016-01-25,S3,T6,S3-12,0.569,T6_S3-12
2016-02-01,S3,T7,S3-12,0.38,T7_S3-12
2016-02-05,S3,T8,S3-12,0.316,T8_S3-12
2016-02-12,S3,T9,S3-12,0.452,T9_S3-12
2016-02-22,S3,T10,S3-12,0.326,T10_S3-12
2016-04-05,S3,T11,S3-12,0.591,T11_S3-12
2015-06-30,S3,T0,S3-13,0.543,T0_S3-13
2015-08-04,S3,T1,S3-13,0.573,T1_S3-13
2015-10-02,S3,T2,S3-13,0.61,T2_S3-13
2015-10-21,S3,T3,S3-13,0.591,T3_S3-13
2015-12-12,S3,T4,S3-13,0.574,T4_S3-13
2016-01-14,S3,T5,S3-13,0.584,T5_S3-13
2016-01-25,S3,T6,S3-13,0.553,T6_S3-13
2016-02-01,S3,T7,S3-13,0.395,T7_S3-13
2016-02-05,S3,T8,S3-13,0.35,T8_S3-13
2016-02-12,S3,T9,S3-13,0.494,T9_S3-13
2015-06-30,S3,T0,S3-15,0.555,T0_S3-15
2015-08-04,S3,T1,S3-15,0.561,T1_S3-15
2015-10-02,S3,T2,S3-15,0.56,T2_S3-15
2015-10-21,S3,T3,S3-15,0.68,T3_S3-15
2015-12-12,S3,T4,S3-15,0.479,T4_S3-15
2016-01-14,S3,T5,S3-15,0.566,T5_S3-15
2016-01-25,S3,T6,S3-15,0.514,T6_S3-15
2016-02-01,S3,T7,S3-15,0.524,T7_S3-15
2016-02-05,S3,T8,S3-15,0.535,T8_S3-15
2016-04-05,S3,T11,S3-15,0.543,T11_S3-15
2015-06-30,S3,T0,S3-16,0.567,T0_S3-16
2015-08-04,S3,T1,S3-16,0.587,T1_S3-16
2015-10-02,S3,T2,S3-16,0.613,T2_S3-16
2015-10-21,S3,T3,S3-16,0.597,T3_S3-16
2015-12-12,S3,T4,S3-16,0.583,T4_S3-16
2016-01-14,S3,T5,S3-16,0.59,T5_S3-16
2016-01-25,S3,T6,S3-16,0.545,T6_S3-16
2016-02-01,S3,T7,S3-16,0.365,T7_S3-16
2016-02-05,S3,T8,S3-16,0.439,T8_S3-16
2016-02-12,S3,T9,S3-16,0.476,T9_S3-16
2016-02-22,S3,T10,S3-16,0.29,T10_S3-16
2016-04-05,S3,T11,S3-16,0.568,T11_S3-16
2015-06-30,S3,T0,S3-17,0.562,T0_S3-17
2015-08-04,S3,T1,S3-17,0.576,T1_S3-17
2015-10-02,S3,T2,S3-17,0.586,T2_S3-17
2015-10-21,S3,T3,S3-17,0.559,T3_S3-17
2015-12-12,S3,T4,S3-17,0.563,T4_S3-17
2016-01-14,S3,T5,S3-17,0.582,T5_S3-17
2016-01-25,S3,T6,S3-17,0.522,T6_S3-17
2016-02-01,S3,T7,S3-17,0.298,T7_S3-17
2016-02-05,S3,T8,S3-17,0.289,T8_S3-17
2016-02-12,S3,T9,S3-17,0.314,T9_S3-17
2015-06-30,S3,T0,S3-18,0.522,T0_S3-18
2015-08-04,S3,T1,S3-18,0.547,T1_S3-18
2015-10-02,S3,T2,S3-18,0.58,T2_S3-18
2015-10-21,S3,T3,S3-18,0.586,T3_S3-18
2015-12-12,S3,T4,S3-18,0.561,T4_S3-18
2016-01-14,S3,T5,S3-18,0.574,T5_S3-18
2016-01-25,S3,T6,S3-18,0.56,T6_S3-18
2016-02-01,S3,T7,S3-18,0.304,T7_S3-18
2016-02-05,S3,T8,S3-18,0.353,T8_S3-18
2016-02-12,S3,T9,S3-18,0.46,T9_S3-18
2016-02-22,S3,T10,S3-18,0.31,T10_S3-18
2016-04-05,S3,T11,S3-18,0.542,T11_S3-18
2015-06-30,S3,T0,S3-19,0.567,T0_S3-19
2015-08-04,S3,T1,S3-19,0.537,T1_S3-19
2015-10-02,S3,T2,S3-19,0.529,T2_S3-19
2015-10-21,S3,T3,S3-19,0.521,T3_S3-19
2015-12-12,S3,T4,S3-19,0.571,T4_S3-19
2016-01-14,S3,T5,S3-19,0.633,T5_S3-19
2016-01-25,S3,T6,S3-19,0.581,T6_S3-19
2016-02-01,S3,T7,S3-19,0.584,T7_S3-19
2016-02-05,S3,T8,S3-19,0.568,T8_S3-19
2016-02-12,S3,T9,S3-19,0.581,T9_S3-19
2015-06-30,S3,T0,S3-2,0.548,T0_S3-2
2015-08-04,S3,T1,S3-2,0.584,T1_S3-2
2015-10-02,S3,T2,S3-2,0.572,T2_S3-2
2015-10-21,S3,T3,S3-2,0.554,T3_S3-2
2015-12-12,S3,T4,S3-2,0.561,T4_S3-2
2016-01-14,S3,T5,S3-2,0.58,T5_S3-2
2016-01-25,S3,T6,S3-2,0.535,T6_S3-2
2016-02-01,S3,T7,S3-2,0.339,T7_S3-2
2016-02-05,S3,T8,S3-2,0.189,T8_S3-2
2016-02-12,S3,T9,S3-2,0.332,T9_S3-2
2016-02-22,S3,T10,S3-2,0.164,T10_S3-2
2016-04-05,S3,T11,S3-2,0.486,T11_S3-2
2015-06-30,S3,T0,S3-20,0.551,T0_S3-20
2015-08-04,S3,T1,S3-20,0.558,T1_S3-20
2015-10-02,S3,T2,S3-20,0.566,T2_S3-20
2015-10-21,S3,T3,S3-20,0.558,T3_S3-20
2015-12-12,S3,T4,S3-20,0.562,T4_S3-20
2016-01-14,S3,T5,S3-20,0.59,T5_S3-20
2016-01-25,S3,T6,S3-20,0.53,T6_S3-20
2016-02-01,S3,T7,S3-20,0.305,T7_S3-20
2016-02-05,S3,T8,S3-20,0.264,T8_S3-20
2016-02-12,S3,T9,S3-20,0.443,T9_S3-20
2015-06-30,S3,T0,S3-21,0.536,T0_S3-21
2015-08-04,S3,T1,S3-21,0.531,T1_S3-21
2015-10-02,S3,T2,S3-21,0.567,T2_S3-21
2015-10-21,S3,T3,S3-21,0.585,T3_S3-21
2015-12-12,S3,T4,S3-21,0.561,T4_S3-21
2016-01-14,S3,T5,S3-21,0.568,T5_S3-21
2015-06-30,S3,T0,S3-22,0.54,T0_S3-22
2015-08-04,S3,T1,S3-22,0.627,T1_S3-22
2015-10-02,S3,T2,S3-22,0.56,T2_S3-22
2015-10-21,S3,T3,S3-22,0.539,T3_S3-22
2015-12-12,S3,T4,S3-22,0.453,T4_S3-22
2016-01-14,S3,T5,S3-22,0.564,T5_S3-22
2016-01-25,S3,T6,S3-22,0.54,T6_S3-22
2016-02-01,S3,T7,S3-22,0.518,T7_S3-22
2016-02-05,S3,T8,S3-22,0.535,T8_S3-22
2016-02-12,S3,T9,S3-22,0.529,T9_S3-22
2016-04-05,S3,T11,S3-22,0.515,T11_S3-22
2015-06-30,S3,T0,S3-24,0.54,T0_S3-24
2015-08-04,S3,T1,S3-24,0.567,T1_S3-24
2015-10-02,S3,T2,S3-24,0.552,T2_S3-24
2015-10-21,S3,T3,S3-24,0.671,T3_S3-24
2015-12-12,S3,T4,S3-24,0.483,T4_S3-24
2016-01-14,S3,T5,S3-24,0.556,T5_S3-24
2016-01-25,S3,T6,S3-24,0.506,T6_S3-24
2016-02-01,S3,T7,S3-24,0.426,T7_S3-24
2016-02-05,S3,T8,S3-24,0.55,T8_S3-24
2016-04-05,S3,T11,S3-24,0.536,T11_S3-24
2015-06-30,S3,T0,S3-25,0.518,T0_S3-25
2015-08-04,S3,T1,S3-25,0.584,T1_S3-25
2015-10-02,S3,T2,S3-25,0.601,T2_S3-25
2015-10-21,S3,T3,S3-25,0.598,T3_S3-25
2015-12-12,S3,T4,S3-25,0.54,T4_S3-25
2016-01-14,S3,T5,S3-25,0.584,T5_S3-25
2016-01-25,S3,T6,S3-25,0.571,T6_S3-25
2016-02-01,S3,T7,S3-25,0.578,T7_S3-25
2016-02-05,S3,T8,S3-25,0.576,T8_S3-25
2016-02-12,S3,T9,S3-25,0.546,T9_S3-25
2016-02-22,S3,T10,S3-25,0.379,T10_S3-25
2016-04-05,S3,T11,S3-25,0.564,T11_S3-25
2015-06-30,S3,T0,S3-26,0.521,T0_S3-26
2015-08-04,S3,T1,S3-26,0.538,T1_S3-26
2015-10-02,S3,T2,S3-26,0.565,T2_S3-26
2015-10-21,S3,T3,S3-26,0.574,T3_S3-26
2015-12-12,S3,T4,S3-26,0.558,T4_S3-26
2016-01-14,S3,T5,S3-26,0.584,T5_S3-26
2016-01-25,S3,T6,S3-26,0.575,T6_S3-26
2016-02-01,S3,T7,S3-26,0.425,T7_S3-26
2016-02-05,S3,T8,S3-26,0.41,T8_S3-26
2016-02-12,S3,T9,S3-26,0.481,T9_S3-26
2016-02-22,S3,T10,S3-26,0.308,T10_S3-26
2016-04-05,S3,T11,S3-26,0.503,T11_S3-26
2015-06-30,S3,T0,S3-27,0.548,T0_S3-27
2015-08-04,S3,T1,S3-27,0.538,T1_S3-27
2015-10-02,S3,T2,S3-27,0.571,T2_S3-27
2015-10-21,S3,T3,S3-27,0.607,T3_S3-27
2015-12-12,S3,T4,S3-27,0.566,T4_S3-27
2016-01-14,S3,T5,S3-27,0.633,T5_S3-27
2015-06-30,S3,T0,S3-28,0.558,T0_S3-28
2015-08-04,S3,T1,S3-28,0.547,T1_S3-28
2015-10-02,S3,T2,S3-28,0.594,T2_S3-28
2015-10-21,S3,T3,S3-28,0.62,T3_S3-28
2015-12-12,S3,T4,S3-28,0.578,T4_S3-28
2016-01-14,S3,T5,S3-28,0.59,T5_S3-28
2016-01-25,S3,T6,S3-28,0.578,T6_S3-28
2016-02-01,S3,T7,S3-28,0.419,T7_S3-28
2016-02-05,S3,T8,S3-28,0.434,T8_S3-28
2016-02-12,S3,T9,S3-28,0.525,T9_S3-28
2016-02-22,S3,T10,S3-28,0.415,T10_S3-28
2016-04-05,S3,T11,S3-28,0.568,T11_S3-28
2015-06-30,S3,T0,S3-29,0.52,T0_S3-29
2015-08-04,S3,T1,S3-29,0.559,T1_S3-29
2015-10-02,S3,T2,S3-29,0.579,T2_S3-29
2015-10-21,S3,T3,S3-29,0.591,T3_S3-29
2015-12-12,S3,T4,S3-29,0.566,T4_S3-29
2016-01-14,S3,T5,S3-29,0.59,T5_S3-29
2015-06-30,S3,T0,S3-3,0.571,T0_S3-3
2015-08-04,S3,T1,S3-3,0.546,T1_S3-3
2015-10-02,S3,T2,S3-3,0.551,T2_S3-3
2015-10-21,S3,T3,S3-3,0.531,T3_S3-3
2015-12-12,S3,T4,S3-3,0.599,T4_S3-3
2016-01-14,S3,T5,S3-3,0.632,T5_S3-3
2016-01-25,S3,T6,S3-3,0.588,T6_S3-3
2016-02-01,S3,T7,S3-3,0.572,T7_S3-3
2016-02-05,S3,T8,S3-3,0.586,T8_S3-3
2016-02-12,S3,T9,S3-3,0.593,T9_S3-3
2016-02-22,S3,T10,S3-3,0.534,T10_S3-3
2016-04-05,S3,T11,S3-3,0.546,T11_S3-3
2015-06-30,S3,T0,S3-30,0.546,T0_S3-30
2015-08-04,S3,T1,S3-30,0.584,T1_S3-30
2015-10-02,S3,T2,S3-30,0.576,T2_S3-30
2015-10-21,S3,T3,S3-30,0.592,T3_S3-30
2015-12-12,S3,T4,S3-30,0.55,T4_S3-30
2016-01-14,S3,T5,S3-30,0.592,T5_S3-30
2015-06-30,S3,T0,S3-31,0.565,T0_S3-31
2015-08-04,S3,T1,S3-31,0.609,T1_S3-31
2015-10-02,S3,T2,S3-31,0.569,T2_S3-31
2015-10-21,S3,T3,S3-31,0.554,T3_S3-31
2015-12-12,S3,T4,S3-31,0.484,T4_S3-31
2016-01-14,S3,T5,S3-31,0.578,T5_S3-31
2016-01-25,S3,T6,S3-31,0.507,T6_S3-31
2016-02-01,S3,T7,S3-31,0.529,T7_S3-31
2016-02-05,S3,T8,S3-31,0.526,T8_S3-31
2016-02-12,S3,T9,S3-31,0.528,T9_S3-31
2016-04-05,S3,T11,S3-31,0.515,T11_S3-31
2015-06-30,S3,T0,S3-4,0.55,T0_S3-4
2015-08-04,S3,T1,S3-4,0.583,T1_S3-4
2015-10-02,S3,T2,S3-4,0.581,T2_S3-4
2015-10-21,S3,T3,S3-4,0.575,T3_S3-4
2015-12-12,S3,T4,S3-4,0.564,T4_S3-4
2016-01-14,S3,T5,S3-4,0.581,T5_S3-4
2016-01-25,S3,T6,S3-4,0.061,T6_S3-4
2016-02-01,S3,T7,S3-4,0.395,T7_S3-4
2016-02-05,S3,T8,S3-4,0.33,T8_S3-4
2016-02-12,S3,T9,S3-4,0.331,T9_S3-4
2016-02-22,S3,T10,S3-4,0.144,T10_S3-4
2016-04-05,S3,T11,S3-4,0.502,T11_S3-4
2015-06-30,S3,T0,S3-6,0.555,T0_S3-6
2015-08-04,S3,T1,S3-6,0.56,T1_S3-6
2015-10-02,S3,T2,S3-6,0.583,T2_S3-6
2015-10-21,S3,T3,S3-6,0.572,T3_S3-6
2015-12-12,S3,T4,S3-6,0.57,T4_S3-6
2016-01-14,S3,T5,S3-6,0.589,T5_S3-6
2016-01-25,S3,T6,S3-6,0.568,T6_S3-6
2016-02-01,S3,T7,S3-6,0.378,T7_S3-6
2016-02-05,S3,T8,S3-6,0.205,T8_S3-6
2016-02-12,S3,T9,S3-6,0.426,T9_S3-6
2015-06-30,S3,T0,S3-7,0.571,T0_S3-7
2015-08-04,S3,T1,S3-7,0.587,T1_S3-7
2015-10-02,S3,T2,S3-7,0.569,T2_S3-7
2015-10-21,S3,T3,S3-7,0.602,T3_S3-7
2015-12-12,S3,T4,S3-7,0.583,T4_S3-7
2016-01-14,S3,T5,S3-7,0.58,T5_S3-7
2015-06-30,S3,T0,S3-8,0.564,T0_S3-8
2015-08-04,S3,T1,S3-8,0.735,T1_S3-8
2015-10-02,S3,T2,S3-8,0.573,T2_S3-8
2015-10-21,S3,T3,S3-8,0.566,T3_S3-8
2015-12-12,S3,T4,S3-8,0.545,T4_S3-8
2016-01-14,S3,T5,S3-8,0.579,T5_S3-8
2016-01-25,S3,T6,S3-8,0.566,T6_S3-8
2016-02-01,S3,T7,S3-8,0.428,T7_S3-8
2016-02-05,S3,T8,S3-8,0.506,T8_S3-8
2016-02-12,S3,T9,S3-8,0.489,T9_S3-8
2016-02-22,S3,T10,S3-8,0.246,T10_S3-8
2016-04-05,S3,T11,S3-8,0.565,T11_S3-8
2015-06-30,S3,T0,S3-9,0.554,T0_S3-9
2015-08-04,S3,T1,S3-9,0.567,T1_S3-9
2015-10-02,S3,T2,S3-9,0.565,T2_S3-9
2015-10-21,S3,T3,S3-9,0.596,T3_S3-9
2015-12-12,S3,T4,S3-9,0.588,T4_S3-9
2016-01-14,S3,T5,S3-9,0.635,T5_S3-9
2016-01-25,S3,T6,S3-9,0.582,T6_S3-9
2016-02-01,S3,T7,S3-9,0.56,T7_S3-9
2016-02-05,S3,T8,S3-9,0.497,T8_S3-9
2016-02-12,S3,T9,S3-9,0.532,T9_S3-9
2016-02-22,S3,T10,S3-9,0.426,T10_S3-9
2016-04-05,S3,T11,S3-9,0.542,T11_S3-9
2015-06-30,S4,T0,S4-1,0.563,T0_S4-1
2015-08-04,S4,T1,S4-1,0.564,T1_S4-1
2015-10-02,S4,T2,S4-1,0.489,T2_S4-1
2015-10-21,S4,T3,S4-1,0.492,T3_S4-1
2015-12-12,S4,T4,S4-1,0.516,T4_S4-1
2016-01-14,S4,T5,S4-1,0.521,T5_S4-1
2016-01-25,S4,T6,S4-1,0.526,T6_S4-1
2016-02-01,S4,T7,S4-1,0.455,T7_S4-1
2016-02-05,S4,T8,S4-1,0.231,T8_S4-1
2016-02-12,S4,T9,S4-1,0,T9_S4-1
2016-02-22,S4,T10,S4-1,0.056,T10_S4-1
2016-04-05,S4,T11,S4-1,0.358,T11_S4-1
2015-06-30,S4,T0,S4-10,0.543,T0_S4-10
2015-08-04,S4,T1,S4-10,0.547,T1_S4-10
2015-10-02,S4,T2,S4-10,0.55,T2_S4-10
2015-10-21,S4,T3,S4-10,0.529,T3_S4-10
2015-12-12,S4,T4,S4-10,0.519,T4_S4-10
2016-01-14,S4,T5,S4-10,0.591,T5_S4-10
2016-01-25,S4,T6,S4-10,0.582,T6_S4-10
2016-02-01,S4,T7,S4-10,0.482,T7_S4-10
2016-02-05,S4,T8,S4-10,0.33,T8_S4-10
2016-02-12,S4,T9,S4-10,0.218,T9_S4-10
2015-06-30,S4,T0,S4-11,0.521,T0_S4-11
2015-08-04,S4,T1,S4-11,0.534,T1_S4-11
2015-10-02,S4,T2,S4-11,0.544,T2_S4-11
2015-10-21,S4,T3,S4-11,0.528,T3_S4-11
2015-12-12,S4,T4,S4-11,0.486,T4_S4-11
2016-01-14,S4,T5,S4-11,0.552,T5_S4-11
2016-01-25,S4,T6,S4-11,0.53,T6_S4-11
2016-02-01,S4,T7,S4-11,0.477,T7_S4-11
2016-02-05,S4,T8,S4-11,0.339,T8_S4-11
2016-02-12,S4,T9,S4-11,0.372,T9_S4-11
2016-02-22,S4,T10,S4-11,0.129,T10_S4-11
2016-04-05,S4,T11,S4-11,0.584,T11_S4-11
2015-06-30,S4,T0,S4-12,0.533,T0_S4-12
2015-08-04,S4,T1,S4-12,0.533,T1_S4-12
2015-10-02,S4,T2,S4-12,0.533,T2_S4-12
2015-10-21,S4,T3,S4-12,0.521,T3_S4-12
2015-12-12,S4,T4,S4-12,0.498,T4_S4-12
2016-01-14,S4,T5,S4-12,0.566,T5_S4-12
2016-01-25,S4,T6,S4-12,0.565,T6_S4-12
2016-02-01,S4,T7,S4-12,0.475,T7_S4-12
2016-02-05,S4,T8,S4-12,0.338,T8_S4-12
2016-02-22,S4,T10,S4-12,0.081,T10_S4-12
2016-04-05,S4,T11,S4-12,0.458,T11_S4-12
2015-06-30,S4,T0,S4-13,0.536,T0_S4-13
2015-08-04,S4,T1,S4-13,0.588,T1_S4-13
2015-10-02,S4,T2,S4-13,0.604,T2_S4-13
2015-10-21,S4,T3,S4-13,0.579,T3_S4-13
2015-12-12,S4,T4,S4-13,0.546,T4_S4-13
2016-01-14,S4,T5,S4-13,0.599,T5_S4-13
2015-06-30,S4,T0,S4-14,0.533,T0_S4-14
2015-08-04,S4,T1,S4-14,0.521,T1_S4-14
2015-10-02,S4,T2,S4-14,0.494,T2_S4-14
2015-10-21,S4,T3,S4-14,0.506,T3_S4-14
2015-12-12,S4,T4,S4-14,0.473,T4_S4-14
2016-01-14,S4,T5,S4-14,0.495,T5_S4-14
2016-01-25,S4,T6,S4-14,0.446,T6_S4-14
2016-02-01,S4,T7,S4-14,0.442,T7_S4-14
2016-02-05,S4,T8,S4-14,0.406,T8_S4-14
2016-02-12,S4,T9,S4-14,0.389,T9_S4-14
2015-06-30,S4,T0,S4-16,0.52,T0_S4-16
2015-08-04,S4,T1,S4-16,0.534,T1_S4-16
2015-10-02,S4,T2,S4-16,0.53,T2_S4-16
2015-10-21,S4,T3,S4-16,0.527,T3_S4-16
2015-12-12,S4,T4,S4-16,0.531,T4_S4-16
2016-01-14,S4,T5,S4-16,0.55,T5_S4-16
2016-01-25,S4,T6,S4-16,0.541,T6_S4-16
2016-02-01,S4,T7,S4-16,0.452,T7_S4-16
2016-02-05,S4,T8,S4-16,0.307,T8_S4-16
2016-02-12,S4,T9,S4-16,0.215,T9_S4-16
2016-02-22,S4,T10,S4-16,0.098,T10_S4-16
2016-04-05,S4,T11,S4-16,0.445,T11_S4-16
2015-06-30,S4,T0,S4-17,0.521,T0_S4-17
2015-08-04,S4,T1,S4-17,0.564,T1_S4-17
2015-10-02,S4,T2,S4-17,0.554,T2_S4-17
2015-10-21,S4,T3,S4-17,0.547,T3_S4-17
2015-12-12,S4,T4,S4-17,0.533,T4_S4-17
2016-01-14,S4,T5,S4-17,0.59,T5_S4-17
2016-01-25,S4,T6,S4-17,0.57,T6_S4-17
2016-02-01,S4,T7,S4-17,0.474,T7_S4-17
2016-02-05,S4,T8,S4-17,0.311,T8_S4-17
2016-02-12,S4,T9,S4-17,0.319,T9_S4-17
2016-02-22,S4,T10,S4-17,0.075,T10_S4-17
2016-04-05,S4,T11,S4-17,0.547,T11_S4-17
2015-06-30,S4,T0,S4-18,0.533,T0_S4-18
2015-08-04,S4,T1,S4-18,0.582,T1_S4-18
2015-10-02,S4,T2,S4-18,0.604,T2_S4-18
2015-10-21,S4,T3,S4-18,0.576,T3_S4-18
2015-12-12,S4,T4,S4-18,0.551,T4_S4-18
2016-01-14,S4,T5,S4-18,0.602,T5_S4-18
2016-01-25,S4,T6,S4-18,0.584,T6_S4-18
2016-02-01,S4,T7,S4-18,0.49,T7_S4-18
2016-02-05,S4,T8,S4-18,0.346,T8_S4-18
2016-02-12,S4,T9,S4-18,0.221,T9_S4-18
2016-02-22,S4,T10,S4-18,0,T10_S4-18
2016-04-05,S4,T11,S4-18,0.544,T11_S4-18
2015-06-30,S4,T0,S4-19,0.529,T0_S4-19
2015-08-04,S4,T1,S4-19,0.546,T1_S4-19
2015-10-02,S4,T2,S4-19,0.534,T2_S4-19
2015-10-21,S4,T3,S4-19,0.592,T3_S4-19
2015-12-12,S4,T4,S4-19,0.521,T4_S4-19
2016-01-14,S4,T5,S4-19,0.571,T5_S4-19
2016-01-25,S4,T6,S4-19,0.563,T6_S4-19
2016-02-01,S4,T7,S4-19,0.496,T7_S4-19
2016-02-05,S4,T8,S4-19,0.47,T8_S4-19
2016-02-12,S4,T9,S4-19,0.365,T9_S4-19
2016-02-22,S4,T10,S4-19,0.102,T10_S4-19
2016-04-05,S4,T11,S4-19,0.525,T11_S4-19
2015-06-30,S4,T0,S4-2,0.538,T0_S4-2
2015-08-04,S4,T1,S4-2,0.553,T1_S4-2
2015-10-02,S4,T2,S4-2,0.473,T2_S4-2
2015-10-21,S4,T3,S4-2,0.483,T3_S4-2
2015-12-12,S4,T4,S4-2,0.515,T4_S4-2
2016-01-14,S4,T5,S4-2,0.521,T5_S4-2
2016-01-25,S4,T6,S4-2,0.519,T6_S4-2
2016-02-01,S4,T7,S4-2,0.45,T7_S4-2
2016-02-05,S4,T8,S4-2,0.302,T8_S4-2
2016-02-12,S4,T9,S4-2,0.368,T9_S4-2
2015-06-30,S4,T0,S4-20,0.536,T0_S4-20
2015-08-04,S4,T1,S4-20,0.463,T1_S4-20
2015-10-02,S4,T2,S4-20,0.424,T2_S4-20
2015-10-21,S4,T3,S4-20,0.411,T3_S4-20
2015-12-12,S4,T4,S4-20,0.308,T4_S4-20
2016-01-14,S4,T5,S4-20,0.447,T5_S4-20
2016-01-25,S4,T6,S4-20,0.438,T6_S4-20
2016-02-01,S4,T7,S4-20,0.575,T7_S4-20
2016-02-05,S4,T8,S4-20,0.405,T8_S4-20
2016-04-05,S4,T11,S4-20,0.288,T11_S4-20
2015-06-30,S4,T0,S4-21,0.541,T0_S4-21
2015-08-04,S4,T1,S4-21,0.486,T1_S4-21
2015-10-02,S4,T2,S4-21,0.43,T2_S4-21
2015-10-21,S4,T3,S4-21,0.414,T3_S4-21
2015-12-12,S4,T4,S4-21,0.417,T4_S4-21
2016-01-14,S4,T5,S4-21,0.49,T5_S4-21
2016-01-25,S4,T6,S4-21,0.457,T6_S4-21
2016-02-01,S4,T7,S4-21,0.457,T7_S4-21
2016-02-05,S4,T8,S4-21,0.447,T8_S4-21
2016-02-12,S4,T9,S4-21,0.455,T9_S4-21
2016-02-22,S4,T10,S4-21,0.246,T10_S4-21
2016-04-05,S4,T11,S4-21,0.406,T11_S4-21
2015-06-30,S4,T0,S4-22,0.525,T0_S4-22
2015-08-04,S4,T1,S4-22,0.539,T1_S4-22
2015-10-02,S4,T2,S4-22,0.577,T2_S4-22
2015-10-21,S4,T3,S4-22,0.605,T3_S4-22
2015-12-12,S4,T4,S4-22,0.519,T4_S4-22
2016-01-14,S4,T5,S4-22,0.557,T5_S4-22
2016-01-25,S4,T6,S4-22,0.535,T6_S4-22
2016-02-01,S4,T7,S4-22,0.464,T7_S4-22
2016-02-05,S4,T8,S4-22,0.483,T8_S4-22
2016-02-12,S4,T9,S4-22,0.302,T9_S4-22
2016-02-22,S4,T10,S4-22,0.268,T10_S4-22
2016-04-05,S4,T11,S4-22,0.487,T11_S4-22
2015-06-30,S4,T0,S4-23,0.545,T0_S4-23
2015-08-04,S4,T1,S4-23,0.568,T1_S4-23
2015-10-02,S4,T2,S4-23,0.453,T2_S4-23
2015-10-21,S4,T3,S4-23,0.395,T3_S4-23
2015-12-12,S4,T4,S4-23,0.466,T4_S4-23
2016-01-14,S4,T5,S4-23,0.463,T5_S4-23
2016-01-25,S4,T6,S4-23,0.415,T6_S4-23
2016-02-01,S4,T7,S4-23,0.423,T7_S4-23
2016-02-05,S4,T8,S4-23,0.395,T8_S4-23
2016-02-12,S4,T9,S4-23,0.42,T9_S4-23
2015-06-30,S4,T0,S4-24,0.541,T0_S4-24
2015-08-04,S4,T1,S4-24,0.546,T1_S4-24
2015-10-02,S4,T2,S4-24,0.52,T2_S4-24
2015-10-21,S4,T3,S4-24,0.496,T3_S4-24
2015-12-12,S4,T4,S4-24,0.519,T4_S4-24
2016-01-14,S4,T5,S4-24,0.573,T5_S4-24
2016-01-25,S4,T6,S4-24,0.552,T6_S4-24
2016-02-01,S4,T7,S4-24,0.47,T7_S4-24
2016-02-05,S4,T8,S4-24,0.348,T8_S4-24
2016-02-12,S4,T9,S4-24,0.294,T9_S4-24
2016-02-22,S4,T10,S4-24,0.066,T10_S4-24
2016-04-05,S4,T11,S4-24,0.434,T11_S4-24
2015-06-30,S4,T0,S4-25,0.537,T0_S4-25
2015-08-04,S4,T1,S4-25,0.503,T1_S4-25
2015-10-02,S4,T2,S4-25,0.463,T2_S4-25
2015-10-21,S4,T3,S4-25,0.501,T3_S4-25
2015-12-12,S4,T4,S4-25,0.451,T4_S4-25
2016-01-14,S4,T5,S4-25,0.487,T5_S4-25
2016-01-25,S4,T6,S4-25,0.439,T6_S4-25
2016-02-01,S4,T7,S4-25,0.449,T7_S4-25
2016-02-05,S4,T8,S4-25,0.4,T8_S4-25
2016-02-12,S4,T9,S4-25,0.39,T9_S4-25
2016-02-22,S4,T10,S4-25,0.201,T10_S4-25
2016-04-05,S4,T11,S4-25,0.39,T11_S4-25
2015-06-30,S4,T0,S4-26,0.536,T0_S4-26
2015-08-04,S4,T1,S4-26,0.563,T1_S4-26
2015-10-02,S4,T2,S4-26,0.547,T2_S4-26
2015-10-21,S4,T3,S4-26,0.557,T3_S4-26
2015-12-12,S4,T4,S4-26,0.513,T4_S4-26
2016-01-14,S4,T5,S4-26,0.551,T5_S4-26
2016-01-25,S4,T6,S4-26,0.524,T6_S4-26
2016-02-01,S4,T7,S4-26,0.472,T7_S4-26
2016-02-05,S4,T8,S4-26,0.276,T8_S4-26
2016-02-12,S4,T9,S4-26,0.274,T9_S4-26
2016-02-22,S4,T10,S4-26,0.113,T10_S4-26
2016-04-05,S4,T11,S4-26,0.582,T11_S4-26
2015-06-30,S4,T0,S4-28,0.541,T0_S4-28
2015-08-04,S4,T1,S4-28,0.559,T1_S4-28
2015-10-02,S4,T2,S4-28,0.587,T2_S4-28
2015-10-21,S4,T3,S4-28,0.551,T3_S4-28
2015-12-12,S4,T4,S4-28,0.519,T4_S4-28
2016-01-14,S4,T5,S4-28,0.555,T5_S4-28
2016-01-25,S4,T6,S4-28,0.536,T6_S4-28
2016-02-01,S4,T7,S4-28,0.477,T7_S4-28
2016-02-05,S4,T8,S4-28,0.283,T8_S4-28
2016-02-12,S4,T9,S4-28,0.284,T9_S4-28
2015-06-30,S4,T0,S4-29,0.528,T0_S4-29
2015-08-04,S4,T1,S4-29,0.53,T1_S4-29
2015-10-02,S4,T2,S4-29,0.527,T2_S4-29
2015-10-21,S4,T3,S4-29,0.586,T3_S4-29
2015-12-12,S4,T4,S4-29,0.519,T4_S4-29
2016-01-14,S4,T5,S4-29,0.577,T5_S4-29
2015-06-30,S4,T0,S4-3,0.538,T0_S4-3
2015-08-04,S4,T1,S4-3,0.545,T1_S4-3
2015-10-02,S4,T2,S4-3,0.534,T2_S4-3
2015-10-21,S4,T3,S4-3,0.522,T3_S4-3
2015-12-12,S4,T4,S4-3,0.528,T4_S4-3
2016-01-14,S4,T5,S4-3,0.581,T5_S4-3
2015-06-30,S4,T0,S4-30,0.549,T0_S4-30
2015-08-04,S4,T1,S4-30,0.445,T1_S4-30
2015-10-02,S4,T2,S4-30,0.409,T2_S4-30
2015-10-21,S4,T3,S4-30,0.398,T3_S4-30
2015-12-12,S4,T4,S4-30,0.43,T4_S4-30
2016-01-14,S4,T5,S4-30,0.519,T5_S4-30
2015-06-30,S4,T0,S4-4,0.54,T0_S4-4
2015-08-04,S4,T1,S4-4,0.559,T1_S4-4
2015-10-02,S4,T2,S4-4,0.522,T2_S4-4
2015-10-21,S4,T3,S4-4,0.53,T3_S4-4
2015-12-12,S4,T4,S4-4,0.531,T4_S4-4
2016-01-14,S4,T5,S4-4,0.547,T5_S4-4
2015-06-30,S4,T0,S4-5,0.551,T0_S4-5
2015-08-04,S4,T1,S4-5,0.569,T1_S4-5
2015-10-02,S4,T2,S4-5,0.459,T2_S4-5
2015-10-21,S4,T3,S4-5,0.396,T3_S4-5
2015-12-12,S4,T4,S4-5,0.477,T4_S4-5
2016-01-14,S4,T5,S4-5,0.456,T5_S4-5
2016-01-25,S4,T6,S4-5,0.375,T6_S4-5
2016-02-01,S4,T7,S4-5,0.386,T7_S4-5
2016-02-05,S4,T8,S4-5,0.394,T8_S4-5
2016-02-12,S4,T9,S4-5,0.39,T9_S4-5
2016-04-05,S4,T11,S4-5,0.355,T11_S4-5
2015-06-30,S4,T0,S4-6,0.55,T0_S4-6
2015-08-04,S4,T1,S4-6,0.485,T1_S4-6
2015-10-02,S4,T2,S4-6,0.514,T2_S4-6
2015-10-21,S4,T3,S4-6,0.607,T3_S4-6
2015-06-30,S4,T0,S4-7,0.531,T0_S4-7
2015-08-04,S4,T1,S4-7,0.548,T1_S4-7
2015-10-02,S4,T2,S4-7,0.583,T2_S4-7
2015-10-21,S4,T3,S4-7,0.605,T3_S4-7
2015-12-12,S4,T4,S4-7,0.515,T4_S4-7
2016-01-14,S4,T5,S4-7,0.561,T5_S4-7
2016-01-25,S4,T6,S4-7,0.534,T6_S4-7
2016-02-01,S4,T7,S4-7,0.48,T7_S4-7
2016-02-05,S4,T8,S4-7,0.434,T8_S4-7
2016-02-12,S4,T9,S4-7,0.459,T9_S4-7
2015-06-30,S4,T0,S4-8,0.544,T0_S4-8
2015-08-04,S4,T1,S4-8,0.54,T1_S4-8
2015-10-02,S4,T2,S4-8,0.53,T2_S4-8
2015-10-21,S4,T3,S4-8,0.522,T3_S4-8
2015-12-12,S4,T4,S4-8,0.502,T4_S4-8
2016-01-14,S4,T5,S4-8,0.57,T5_S4-8
2016-01-25,S4,T6,S4-8,0.563,T6_S4-8
2016-02-01,S4,T7,S4-8,0.48,T7_S4-8
2016-02-05,S4,T8,S4-8,0.341,T8_S4-8
2016-02-12,S4,T9,S4-8,0.284,T9_S4-8
2015-06-30,S4,T0,S4-9,0.541,T0_S4-9
2015-08-04,S4,T1,S4-9,0.556,T1_S4-9
2015-10-02,S4,T2,S4-9,0.544,T2_S4-9
2015-10-21,S4,T3,S4-9,0.521,T3_S4-9
2015-12-12,S4,T4,S4-9,0.495,T4_S4-9
2016-01-14,S4,T5,S4-9,0.544,T5_S4-9
2015-06-30,S5,T0,S5-1,0.539,T0_S5-1
2015-08-04,S5,T1,S5-1,0.506,T1_S5-1
2015-10-02,S5,T2,S5-1,0.44,T2_S5-1
2015-10-21,S5,T3,S5-1,0.476,T3_S5-1
2015-12-12,S5,T4,S5-1,0.479,T4_S5-1
2016-01-14,S5,T5,S5-1,0.48,T5_S5-1
2015-06-30,S5,T0,S5-10,0.544,T0_S5-10
2015-08-04,S5,T1,S5-10,0.525,T1_S5-10
2015-10-02,S5,T2,S5-10,0.553,T2_S5-10
2015-10-21,S5,T3,S5-10,0.534,T3_S5-10
2015-12-12,S5,T4,S5-10,0.515,T4_S5-10
2016-01-14,S5,T5,S5-10,0.564,T5_S5-10
2016-01-25,S5,T6,S5-10,0.532,T6_S5-10
2016-02-01,S5,T7,S5-10,0.54,T7_S5-10
2016-02-05,S5,T8,S5-10,0.314,T8_S5-10
2016-02-12,S5,T9,S5-10,0.282,T9_S5-10
2016-02-22,S5,T10,S5-10,0.073,T10_S5-10
2016-04-05,S5,T11,S5-10,0.367,T11_S5-10
2015-06-30,S5,T0,S5-11,0.548,T0_S5-11
2015-08-04,S5,T1,S5-11,0.505,T1_S5-11
2015-10-02,S5,T2,S5-11,0.509,T2_S5-11
2015-10-21,S5,T3,S5-11,0.533,T3_S5-11
2015-12-12,S5,T4,S5-11,0.512,T4_S5-11
2016-01-14,S5,T5,S5-11,0.571,T5_S5-11
2016-01-25,S5,T6,S5-11,0.562,T6_S5-11
2016-02-01,S5,T7,S5-11,0.535,T7_S5-11
2016-02-05,S5,T8,S5-11,0.518,T8_S5-11
2016-02-12,S5,T9,S5-11,0.413,T9_S5-11
2015-06-30,S5,T0,S5-12,0.543,T0_S5-12
2015-08-04,S5,T1,S5-12,0.516,T1_S5-12
2015-10-02,S5,T2,S5-12,0.476,T2_S5-12
2015-10-21,S5,T3,S5-12,0.493,T3_S5-12
2015-12-12,S5,T4,S5-12,0.472,T4_S5-12
2016-01-14,S5,T5,S5-12,0.471,T5_S5-12
2016-01-25,S5,T6,S5-12,0.52,T6_S5-12
2016-02-01,S5,T7,S5-12,0.488,T7_S5-12
2016-02-05,S5,T8,S5-12,0.484,T8_S5-12
2016-02-12,S5,T9,S5-12,0.477,T9_S5-12
2016-02-22,S5,T10,S5-12,0.199,T10_S5-12
2016-04-05,S5,T11,S5-12,0.426,T11_S5-12
2015-06-30,S5,T0,S5-13,0.534,T0_S5-13
2015-08-04,S5,T1,S5-13,0.543,T1_S5-13
2015-10-02,S5,T2,S5-13,0.586,T2_S5-13
2015-10-21,S5,T3,S5-13,0.557,T3_S5-13
2015-12-12,S5,T4,S5-13,0.507,T4_S5-13
2016-01-14,S5,T5,S5-13,0.5,T5_S5-13
2016-01-25,S5,T6,S5-13,0.508,T6_S5-13
2016-02-01,S5,T7,S5-13,0.507,T7_S5-13
2016-02-05,S5,T8,S5-13,0.491,T8_S5-13
2016-02-12,S5,T9,S5-13,0.425,T9_S5-13
2016-02-22,S5,T10,S5-13,0.206,T10_S5-13
2016-04-05,S5,T11,S5-13,0.59,T11_S5-13
2015-06-30,S5,T0,S5-14,0.534,T0_S5-14
2015-08-04,S5,T1,S5-14,0.512,T1_S5-14
2015-10-02,S5,T2,S5-14,0.548,T2_S5-14
2015-10-21,S5,T3,S5-14,0.538,T3_S5-14
2015-12-12,S5,T4,S5-14,0.503,T4_S5-14
2016-01-14,S5,T5,S5-14,0.508,T5_S5-14
2016-01-25,S5,T6,S5-14,0.517,T6_S5-14
2016-02-01,S5,T7,S5-14,0.485,T7_S5-14
2016-02-05,S5,T8,S5-14,0.455,T8_S5-14
2016-02-12,S5,T9,S5-14,0.47,T9_S5-14
2016-02-22,S5,T10,S5-14,0.225,T10_S5-14
2016-04-05,S5,T11,S5-14,0.596,T11_S5-14
2015-06-30,S5,T0,S5-15,0.557,T0_S5-15
2015-08-04,S5,T1,S5-15,0.523,T1_S5-15
2015-10-02,S5,T2,S5-15,0.549,T2_S5-15
2015-10-21,S5,T3,S5-15,0.533,T3_S5-15
2015-12-12,S5,T4,S5-15,0.513,T4_S5-15
2016-01-14,S5,T5,S5-15,0.542,T5_S5-15
2016-01-25,S5,T6,S5-15,0.556,T6_S5-15
2016-02-01,S5,T7,S5-15,0.398,T7_S5-15
2016-02-05,S5,T8,S5-15,0.522,T8_S5-15
2016-02-12,S5,T9,S5-15,0.481,T9_S5-15
2015-06-30,S5,T0,S5-16,0.566,T0_S5-16
2015-08-04,S5,T1,S5-16,0.508,T1_S5-16
2015-10-02,S5,T2,S5-16,0.472,T2_S5-16
2015-10-21,S5,T3,S5-16,0.615,T3_S5-16
2015-12-12,S5,T4,S5-16,0.395,T4_S5-16
2016-01-14,S5,T5,S5-16,0.515,T5_S5-16
2016-01-25,S5,T6,S5-16,0.412,T6_S5-16
2016-02-01,S5,T7,S5-16,0.479,T7_S5-16
2016-02-05,S5,T8,S5-16,0.481,T8_S5-16
2016-04-05,S5,T11,S5-16,0.472,T11_S5-16
2015-06-30,S5,T0,S5-17,0.538,T0_S5-17
2015-08-04,S5,T1,S5-17,0.525,T1_S5-17
2015-10-02,S5,T2,S5-17,0.598,T2_S5-17
2015-10-21,S5,T3,S5-17,0.57,T3_S5-17
2015-12-12,S5,T4,S5-17,0.515,T4_S5-17
2016-01-14,S5,T5,S5-17,0.568,T5_S5-17
2015-06-30,S5,T0,S5-18,0.536,T0_S5-18
2015-08-04,S5,T1,S5-18,0.519,T1_S5-18
2015-10-02,S5,T2,S5-18,0.607,T2_S5-18
2015-10-21,S5,T3,S5-18,0.572,T3_S5-18
2015-12-12,S5,T4,S5-18,0.517,T4_S5-18
2016-01-14,S5,T5,S5-18,0.572,T5_S5-18
2016-01-25,S5,T6,S5-18,0.534,T6_S5-18
2016-02-01,S5,T7,S5-18,0.518,T7_S5-18
2016-02-05,S5,T8,S5-18,0.516,T8_S5-18
2016-02-12,S5,T9,S5-18,0.388,T9_S5-18
2016-02-22,S5,T10,S5-18,0.104,T10_S5-18
2016-04-05,S5,T11,S5-18,0.552,T11_S5-18
2015-06-30,S5,T0,S5-19,0.547,T0_S5-19
2015-08-04,S5,T1,S5-19,0.568,T1_S5-19
2015-10-02,S5,T2,S5-19,0.626,T2_S5-19
2015-10-21,S5,T3,S5-19,0.601,T3_S5-19
2015-12-12,S5,T4,S5-19,0.552,T4_S5-19
2016-01-14,S5,T5,S5-19,0.57,T5_S5-19
2016-01-25,S5,T6,S5-19,0.584,T6_S5-19
2016-02-01,S5,T7,S5-19,0.578,T7_S5-19
2016-02-05,S5,T8,S5-19,0.511,T8_S5-19
2016-02-12,S5,T9,S5-19,0.506,T9_S5-19
2015-06-30,S5,T0,S5-2,0.539,T0_S5-2
2015-08-04,S5,T1,S5-2,0.541,T1_S5-2
2015-10-02,S5,T2,S5-2,0.543,T2_S5-2
2015-10-21,S5,T3,S5-2,0.538,T3_S5-2
2015-12-12,S5,T4,S5-2,0.484,T4_S5-2
2016-01-14,S5,T5,S5-2,0.545,T5_S5-2
2016-01-25,S5,T6,S5-2,0.568,T6_S5-2
2016-02-01,S5,T7,S5-2,0.486,T7_S5-2
2016-02-05,S5,T8,S5-2,0.455,T8_S5-2
2016-02-12,S5,T9,S5-2,0.372,T9_S5-2
2016-02-22,S5,T10,S5-2,0.126,T10_S5-2
2016-04-05,S5,T11,S5-2,0.424,T11_S5-2
2015-06-30,S5,T0,S5-20,0.573,T0_S5-20
2015-08-04,S5,T1,S5-20,0.564,T1_S5-20
2015-10-02,S5,T2,S5-20,0.443,T2_S5-20
2015-10-21,S5,T3,S5-20,0.44,T3_S5-20
2015-12-12,S5,T4,S5-20,0.535,T4_S5-20
2016-01-14,S5,T5,S5-20,0.51,T5_S5-20
2016-01-25,S5,T6,S5-20,0.491,T6_S5-20
2016-02-01,S5,T7,S5-20,0.434,T7_S5-20
2016-02-05,S5,T8,S5-20,0.446,T8_S5-20
2016-02-12,S5,T9,S5-20,0.442,T9_S5-20
2016-04-05,S5,T11,S5-20,0.441,T11_S5-20
2015-06-30,S5,T0,S5-21,0.563,T0_S5-21
2015-08-04,S5,T1,S5-21,0.571,T1_S5-21
2015-10-02,S5,T2,S5-21,0.625,T2_S5-21
2015-10-21,S5,T3,S5-21,0.598,T3_S5-21
2015-12-12,S5,T4,S5-21,0.552,T4_S5-21
2016-01-14,S5,T5,S5-21,0.576,T5_S5-21
2016-01-25,S5,T6,S5-21,0.559,T6_S5-21
2016-02-01,S5,T7,S5-21,0.474,T7_S5-21
2016-02-05,S5,T8,S5-21,0.573,T8_S5-21
2016-02-12,S5,T9,S5-21,0.455,T9_S5-21
2016-02-22,S5,T10,S5-21,0.102,T10_S5-21
2016-04-05,S5,T11,S5-21,0.547,T11_S5-21
2015-06-30,S5,T0,S5-22,0.581,T0_S5-22
2015-08-04,S5,T1,S5-22,0.487,T1_S5-22
2015-10-02,S5,T2,S5-22,0.504,T2_S5-22
2015-10-21,S5,T3,S5-22,0.493,T3_S5-22
2015-12-12,S5,T4,S5-22,0.508,T4_S5-22
2016-01-14,S5,T5,S5-22,0.576,T5_S5-22
2015-06-30,S5,T0,S5-23,0.564,T0_S5-23
2015-08-04,S5,T1,S5-23,0.553,T1_S5-23
2015-10-02,S5,T2,S5-23,0.534,T2_S5-23
2015-10-21,S5,T3,S5-23,0.579,T3_S5-23
2015-12-12,S5,T4,S5-23,0.528,T4_S5-23
2016-01-14,S5,T5,S5-23,0.531,T5_S5-23
2015-06-30,S5,T0,S5-24,0.507,T0_S5-24
2015-08-04,S5,T1,S5-24,0.505,T1_S5-24
2015-10-02,S5,T2,S5-24,0.538,T2_S5-24
2015-10-21,S5,T3,S5-24,0.504,T3_S5-24
2015-12-12,S5,T4,S5-24,0.424,T4_S5-24
2016-01-14,S5,T5,S5-24,0.508,T5_S5-24
2016-01-25,S5,T6,S5-24,0.55,T6_S5-24
2016-02-01,S5,T7,S5-24,0.515,T7_S5-24
2016-02-05,S5,T8,S5-24,0.512,T8_S5-24
2016-02-12,S5,T9,S5-24,0.451,T9_S5-24
2016-02-22,S5,T10,S5-24,0.217,T10_S5-24
2016-04-05,S5,T11,S5-24,0.429,T11_S5-24
2015-06-30,S5,T0,S5-25,0.542,T0_S5-25
2015-08-04,S5,T1,S5-25,0.523,T1_S5-25
2015-10-02,S5,T2,S5-25,0.555,T2_S5-25
2015-10-21,S5,T3,S5-25,0.545,T3_S5-25
2015-12-12,S5,T4,S5-25,0.487,T4_S5-25
2016-01-14,S5,T5,S5-25,0.487,T5_S5-25
2016-01-25,S5,T6,S5-25,0.502,T6_S5-25
2016-02-01,S5,T7,S5-25,0.443,T7_S5-25
2016-02-05,S5,T8,S5-25,0.443,T8_S5-25
2016-02-12,S5,T9,S5-25,0.441,T9_S5-25
2015-06-30,S5,T0,S5-26,0.562,T0_S5-26
2015-08-04,S5,T1,S5-26,0.505,T1_S5-26
2015-10-02,S5,T2,S5-26,0.488,T2_S5-26
2015-10-21,S5,T3,S5-26,0.623,T3_S5-26
2015-12-12,S5,T4,S5-26,0.408,T4_S5-26
2016-01-14,S5,T5,S5-26,0.505,T5_S5-26
2016-01-25,S5,T6,S5-26,0.358,T6_S5-26
2016-02-01,S5,T7,S5-26,0.493,T7_S5-26
2016-02-05,S5,T8,S5-26,0.492,T8_S5-26
2016-04-05,S5,T11,S5-26,0.419,T11_S5-26
2015-06-30,S5,T0,S5-27,0.522,T0_S5-27
2015-08-04,S5,T1,S5-27,0.494,T1_S5-27
2015-10-02,S5,T2,S5-27,0.555,T2_S5-27
2015-10-21,S5,T3,S5-27,0.578,T3_S5-27
2015-12-12,S5,T4,S5-27,0.549,T4_S5-27
2016-01-14,S5,T5,S5-27,0.576,T5_S5-27
2015-06-30,S5,T0,S5-3,0.563,T0_S5-3
2015-08-04,S5,T1,S5-3,0.444,T1_S5-3
2015-10-02,S5,T2,S5-3,0.452,T2_S5-3
2015-10-21,S5,T3,S5-3,0.453,T3_S5-3
2015-12-12,S5,T4,S5-3,0.496,T4_S5-3
2016-01-14,S5,T5,S5-3,0.548,T5_S5-3
2016-01-25,S5,T6,S5-3,0.499,T6_S5-3
2016-02-01,S5,T7,S5-3,0.475,T7_S5-3
2016-02-05,S5,T8,S5-3,0.486,T8_S5-3
2016-02-12,S5,T9,S5-3,0.528,T9_S5-3
2015-06-30,S5,T0,S5-4,0.546,T0_S5-4
2015-08-04,S5,T1,S5-4,0.534,T1_S5-4
2015-10-02,S5,T2,S5-4,0.381,T2_S5-4
2015-10-21,S5,T3,S5-4,0.353,T3_S5-4
2015-12-12,S5,T4,S5-4,0.463,T4_S5-4
2016-01-14,S5,T5,S5-4,0.494,T5_S5-4
2016-01-25,S5,T6,S5-4,0.499,T6_S5-4
2016-02-01,S5,T7,S5-4,0.439,T7_S5-4
2016-02-05,S5,T8,S5-4,0.442,T8_S5-4
2016-02-12,S5,T9,S5-4,0.438,T9_S5-4
2016-04-05,S5,T11,S5-4,0.45,T11_S5-4
2015-06-30,S5,T0,S5-5,0.533,T0_S5-5
2015-08-04,S5,T1,S5-5,0.514,T1_S5-5
2015-10-02,S5,T2,S5-5,0.548,T2_S5-5
2015-10-21,S5,T3,S5-5,0.559,T3_S5-5
2015-12-12,S5,T4,S5-5,0.528,T4_S5-5
2016-01-14,S5,T5,S5-5,0.572,T5_S5-5
2016-01-25,S5,T6,S5-5,0.577,T6_S5-5
2016-02-01,S5,T7,S5-5,0.569,T7_S5-5
2016-02-05,S5,T8,S5-5,0.585,T8_S5-5
2016-02-12,S5,T9,S5-5,0.514,T9_S5-5
2016-02-22,S5,T10,S5-5,0.21,T10_S5-5
2016-04-05,S5,T11,S5-5,0.538,T11_S5-5
2015-06-30,S5,T0,S5-6,0.547,T0_S5-6
2015-08-04,S5,T1,S5-6,0.481,T1_S5-6
2015-10-02,S5,T2,S5-6,0.506,T2_S5-6
2015-10-21,S5,T3,S5-6,0.548,T3_S5-6
2015-12-12,S5,T4,S5-6,0.515,T4_S5-6
2016-01-14,S5,T5,S5-6,0.582,T5_S5-6
2016-01-25,S5,T6,S5-6,0.521,T6_S5-6
2016-02-01,S5,T7,S5-6,0.496,T7_S5-6
2016-02-05,S5,T8,S5-6,0.487,T8_S5-6
2016-02-12,S5,T9,S5-6,0.498,T9_S5-6
2016-02-22,S5,T10,S5-6,0.377,T10_S5-6
2016-04-05,S5,T11,S5-6,0.475,T11_S5-6
2015-06-30,S5,T0,S5-7,0.543,T0_S5-7
2015-08-04,S5,T1,S5-7,0.516,T1_S5-7
2015-10-02,S5,T2,S5-7,0.493,T2_S5-7
2015-10-21,S5,T3,S5-7,0.521,T3_S5-7
2015-12-12,S5,T4,S5-7,0.504,T4_S5-7
2016-01-14,S5,T5,S5-7,0.562,T5_S5-7
2016-01-25,S5,T6,S5-7,0.562,T6_S5-7
2016-02-01,S5,T7,S5-7,0.528,T7_S5-7
2016-02-05,S5,T8,S5-7,0.529,T8_S5-7
2016-02-12,S5,T9,S5-7,0.405,T9_S5-7
2016-02-22,S5,T10,S5-7,0.128,T10_S5-7
2016-04-05,S5,T11,S5-7,0.542,T11_S5-7
2015-06-30,S5,T0,S5-8,0.52,T0_S5-8
2015-08-04,S5,T1,S5-8,0.538,T1_S5-8
2015-10-02,S5,T2,S5-8,0.543,T2_S5-8
2015-10-21,S5,T3,S5-8,0.539,T3_S5-8
2015-12-12,S5,T4,S5-8,0.475,T4_S5-8
2016-01-14,S5,T5,S5-8,0.545,T5_S5-8
2016-01-25,S5,T6,S5-8,0.54,T6_S5-8
2016-02-01,S5,T7,S5-8,0.434,T7_S5-8
2016-02-05,S5,T8,S5-8,0.498,T8_S5-8
2016-02-12,S5,T9,S5-8,0.346,T9_S5-8
2015-06-30,S5,T0,S5-9,0.525,T0_S5-9
2015-08-04,S5,T1,S5-9,0.512,T1_S5-9
2015-10-02,S5,T2,S5-9,0.547,T2_S5-9
2015-10-21,S5,T3,S5-9,0.535,T3_S5-9
2015-12-12,S5,T4,S5-9,0.465,T4_S5-9
2016-01-14,S5,T5,S5-9,0.524,T5_S5-9
2015-06-30,S6,T0,S6-1,0.53,T0_S6-1
2015-08-04,S6,T1,S6-1,0.529,T1_S6-1
2015-10-02,S6,T2,S6-1,0.573,T2_S6-1
2015-10-21,S6,T3,S6-1,0.557,T3_S6-1
2015-12-12,S6,T4,S6-1,0.538,T4_S6-1
2016-01-14,S6,T5,S6-1,0.524,T5_S6-1
2016-01-25,S6,T6,S6-1,0.548,T6_S6-1
2016-02-01,S6,T7,S6-1,0.551,T7_S6-1
2016-02-05,S6,T8,S6-1,0.545,T8_S6-1
2016-02-12,S6,T9,S6-1,0.546,T9_S6-1
2016-02-22,S6,T10,S6-1,0.438,T10_S6-1
2016-04-05,S6,T11,S6-1,0.599,T11_S6-1
2015-06-30,S6,T0,S6-10,0.558,T0_S6-10
2015-08-04,S6,T1,S6-10,0.572,T1_S6-10
2015-10-02,S6,T2,S6-10,0.634,T2_S6-10
2015-10-21,S6,T3,S6-10,0.612,T3_S6-10
2015-12-12,S6,T4,S6-10,0.587,T4_S6-10
2016-01-14,S6,T5,S6-10,0.592,T5_S6-10
2016-01-25,S6,T6,S6-10,0.587,T6_S6-10
2016-02-01,S6,T7,S6-10,0.597,T7_S6-10
2016-02-05,S6,T8,S6-10,0.6,T8_S6-10
2016-02-12,S6,T9,S6-10,0.567,T9_S6-10
2016-02-22,S6,T10,S6-10,0.447,T10_S6-10
2016-04-05,S6,T11,S6-10,0.556,T11_S6-10
2015-06-30,S6,T0,S6-11,0.547,T0_S6-11
2015-08-04,S6,T1,S6-11,0.545,T1_S6-11
2015-10-02,S6,T2,S6-11,0.578,T2_S6-11
2015-10-21,S6,T3,S6-11,0.611,T3_S6-11
2015-12-12,S6,T4,S6-11,0.589,T4_S6-11
2016-01-14,S6,T5,S6-11,0.631,T5_S6-11
2015-06-30,S6,T0,S6-12,0.539,T0_S6-12
2015-08-04,S6,T1,S6-12,0.525,T1_S6-12
2015-10-02,S6,T2,S6-12,0.567,T2_S6-12
2015-10-21,S6,T3,S6-12,0.555,T3_S6-12
2015-12-12,S6,T4,S6-12,0.532,T4_S6-12
2016-01-14,S6,T5,S6-12,0.534,T5_S6-12
2015-06-30,S6,T0,S6-13,0.535,T0_S6-13
2015-08-04,S6,T1,S6-13,0.52,T1_S6-13
2015-10-02,S6,T2,S6-13,0.579,T2_S6-13
2015-10-21,S6,T3,S6-13,0.62,T3_S6-13
2015-12-12,S6,T4,S6-13,0.565,T4_S6-13
2016-01-14,S6,T5,S6-13,0.592,T5_S6-13
2016-01-25,S6,T6,S6-13,0.585,T6_S6-13
2016-02-01,S6,T7,S6-13,0.578,T7_S6-13
2016-02-05,S6,T8,S6-13,0.591,T8_S6-13
2016-02-12,S6,T9,S6-13,0.513,T9_S6-13
2016-02-22,S6,T10,S6-13,0.471,T10_S6-13
2016-04-05,S6,T11,S6-13,0.558,T11_S6-13
2015-06-30,S6,T0,S6-14,0.571,T0_S6-14
2015-08-04,S6,T1,S6-14,0.43,T1_S6-14
2015-10-02,S6,T2,S6-14,0.522,T2_S6-14
2015-10-21,S6,T3,S6-14,0.538,T3_S6-14
2015-12-12,S6,T4,S6-14,0.573,T4_S6-14
2016-01-14,S6,T5,S6-14,0.635,T5_S6-14
2016-01-25,S6,T6,S6-14,0.57,T6_S6-14
2016-02-01,S6,T7,S6-14,0.55,T7_S6-14
2016-02-05,S6,T8,S6-14,0.582,T8_S6-14
2016-02-12,S6,T9,S6-14,0.57,T9_S6-14
2016-02-22,S6,T10,S6-14,0.524,T10_S6-14
2016-04-05,S6,T11,S6-14,0.531,T11_S6-14
2015-06-30,S6,T0,S6-15,0.558,T0_S6-15
2015-08-04,S6,T1,S6-15,0.546,T1_S6-15
2015-10-02,S6,T2,S6-15,0.565,T2_S6-15
2015-10-21,S6,T3,S6-15,0.583,T3_S6-15
2015-12-12,S6,T4,S6-15,0.535,T4_S6-15
2016-01-14,S6,T5,S6-15,0.52,T5_S6-15
2016-01-25,S6,T6,S6-15,0.536,T6_S6-15
2016-02-01,S6,T7,S6-15,0.559,T7_S6-15
2016-02-05,S6,T8,S6-15,0.563,T8_S6-15
2016-02-12,S6,T9,S6-15,0.513,T9_S6-15
2016-02-22,S6,T10,S6-15,0.382,T10_S6-15
2016-04-05,S6,T11,S6-15,0.588,T11_S6-15
2015-06-30,S6,T0,S6-17,0.545,T0_S6-17
2015-08-04,S6,T1,S6-17,0.514,T1_S6-17
2015-10-02,S6,T2,S6-17,0.569,T2_S6-17
2015-10-21,S6,T3,S6-17,0.604,T3_S6-17
2015-12-12,S6,T4,S6-17,0.583,T4_S6-17
2016-01-14,S6,T5,S6-17,0.643,T5_S6-17
2016-01-25,S6,T6,S6-17,0.581,T6_S6-17
2016-02-01,S6,T7,S6-17,0.563,T7_S6-17
2016-02-05,S6,T8,S6-17,0.556,T8_S6-17
2016-02-12,S6,T9,S6-17,0.559,T9_S6-17
2016-02-22,S6,T10,S6-17,0.541,T10_S6-17
2016-04-05,S6,T11,S6-17,0.535,T11_S6-17
2015-06-30,S6,T0,S6-18,0.547,T0_S6-18
2015-08-04,S6,T1,S6-18,0.556,T1_S6-18
2015-10-02,S6,T2,S6-18,0.563,T2_S6-18
2015-10-21,S6,T3,S6-18,0.572,T3_S6-18
2015-12-12,S6,T4,S6-18,0.443,T4_S6-18
2016-01-14,S6,T5,S6-18,0.49,T5_S6-18
2016-01-25,S6,T6,S6-18,0.521,T6_S6-18
2016-02-01,S6,T7,S6-18,0.502,T7_S6-18
2016-02-05,S6,T8,S6-18,0.518,T8_S6-18
2016-02-12,S6,T9,S6-18,0.504,T9_S6-18
2016-02-22,S6,T10,S6-18,0.332,T10_S6-18
2016-04-05,S6,T11,S6-18,0.474,T11_S6-18
2015-06-30,S6,T0,S6-19,0.566,T0_S6-19
2015-08-04,S6,T1,S6-19,0.561,T1_S6-19
2015-10-02,S6,T2,S6-19,0.504,T2_S6-19
2015-10-21,S6,T3,S6-19,0.506,T3_S6-19
2015-12-12,S6,T4,S6-19,0.426,T4_S6-19
2016-01-14,S6,T5,S6-19,0.555,T5_S6-19
2016-01-25,S6,T6,S6-19,0.514,T6_S6-19
2016-02-01,S6,T7,S6-19,0.485,T7_S6-19
2016-02-05,S6,T8,S6-19,0.501,T8_S6-19
2016-02-12,S6,T9,S6-19,0.478,T9_S6-19
2016-04-05,S6,T11,S6-19,0.456,T11_S6-19
2015-06-30,S6,T0,S6-2,0.573,T0_S6-2
2015-08-04,S6,T1,S6-2,0.526,T1_S6-2
2015-10-02,S6,T2,S6-2,0.551,T2_S6-2
2015-10-21,S6,T3,S6-2,0.688,T3_S6-2
2015-12-12,S6,T4,S6-2,0.467,T4_S6-2
2016-01-14,S6,T5,S6-2,0.537,T5_S6-2
2016-01-25,S6,T6,S6-2,0.482,T6_S6-2
2016-02-01,S6,T7,S6-2,0.506,T7_S6-2
2016-02-05,S6,T8,S6-2,0.513,T8_S6-2
2016-04-05,S6,T11,S6-2,0.514,T11_S6-2
2015-06-30,S6,T0,S6-20,0.527,T0_S6-20
2015-08-04,S6,T1,S6-20,0.517,T1_S6-20
2015-10-02,S6,T2,S6-20,0.569,T2_S6-20
2015-10-21,S6,T3,S6-20,0.545,T3_S6-20
2015-12-12,S6,T4,S6-20,0.482,T4_S6-20
2016-01-14,S6,T5,S6-20,0.523,T5_S6-20
2016-01-25,S6,T6,S6-20,0.559,T6_S6-20
2016-02-01,S6,T7,S6-20,0.536,T7_S6-20
2016-02-05,S6,T8,S6-20,0.567,T8_S6-20
2016-02-12,S6,T9,S6-20,0.542,T9_S6-20
2015-06-30,S6,T0,S6-21,0.548,T0_S6-21
2015-08-04,S6,T1,S6-21,0.515,T1_S6-21
2015-10-02,S6,T2,S6-21,0.555,T2_S6-21
2015-10-21,S6,T3,S6-21,0.576,T3_S6-21
2015-12-12,S6,T4,S6-21,0.517,T4_S6-21
2016-01-14,S6,T5,S6-21,0.513,T5_S6-21
2016-01-25,S6,T6,S6-21,0.524,T6_S6-21
2016-02-01,S6,T7,S6-21,0.557,T7_S6-21
2016-02-05,S6,T8,S6-21,0.574,T8_S6-21
2016-02-12,S6,T9,S6-21,0.503,T9_S6-21
2015-06-30,S6,T0,S6-22,0.551,T0_S6-22
2015-08-04,S6,T1,S6-22,0.509,T1_S6-22
2015-10-02,S6,T2,S6-22,0.529,T2_S6-22
2015-10-21,S6,T3,S6-22,0.653,T3_S6-22
2015-12-12,S6,T4,S6-22,0.441,T4_S6-22
2016-01-14,S6,T5,S6-22,0.534,T5_S6-22
2016-01-25,S6,T6,S6-22,0.474,T6_S6-22
2016-02-01,S6,T7,S6-22,0.508,T7_S6-22
2016-02-05,S6,T8,S6-22,0.525,T8_S6-22
2016-04-05,S6,T11,S6-22,0.508,T11_S6-22
2015-06-30,S6,T0,S6-23,0.557,T0_S6-23
2015-08-04,S6,T1,S6-23,0.549,T1_S6-23
2015-10-02,S6,T2,S6-23,0.569,T2_S6-23
2015-10-21,S6,T3,S6-23,0.549,T3_S6-23
2015-12-12,S6,T4,S6-23,0.528,T4_S6-23
2016-01-14,S6,T5,S6-23,0.527,T5_S6-23
2016-01-25,S6,T6,S6-23,0.555,T6_S6-23
2016-02-01,S6,T7,S6-23,0.572,T7_S6-23
2016-02-05,S6,T8,S6-23,0.577,T8_S6-23
2016-02-12,S6,T9,S6-23,0.532,T9_S6-23
2016-02-22,S6,T10,S6-23,0.378,T10_S6-23
2016-04-05,S6,T11,S6-23,0.521,T11_S6-23
2015-06-30,S6,T0,S6-24,0.569,T0_S6-24
2015-08-04,S6,T1,S6-24,0.548,T1_S6-24
2015-10-02,S6,T2,S6-24,0.518,T2_S6-24
2015-10-21,S6,T3,S6-24,0.485,T3_S6-24
2015-12-12,S6,T4,S6-24,0.472,T4_S6-24
2016-01-14,S6,T5,S6-24,0.518,T5_S6-24
2015-06-30,S6,T0,S6-25,0.55,T0_S6-25
2015-08-04,S6,T1,S6-25,0.558,T1_S6-25
2015-10-02,S6,T2,S6-25,0.625,T2_S6-25
2015-10-21,S6,T3,S6-25,0.599,T3_S6-25
2015-12-12,S6,T4,S6-25,0.576,T4_S6-25
2016-01-14,S6,T5,S6-25,0.593,T5_S6-25
2015-06-30,S6,T0,S6-26,0.552,T0_S6-26
2015-08-04,S6,T1,S6-26,0.531,T1_S6-26
2015-10-02,S6,T2,S6-26,0.559,T2_S6-26
2015-10-21,S6,T3,S6-26,0.535,T3_S6-26
2015-12-12,S6,T4,S6-26,0.529,T4_S6-26
2016-01-14,S6,T5,S6-26,0.551,T5_S6-26
2015-06-30,S6,T0,S6-27,0.534,T0_S6-27
2015-08-04,S6,T1,S6-27,0.521,T1_S6-27
2015-10-02,S6,T2,S6-27,0.545,T2_S6-27
2015-10-21,S6,T3,S6-27,0.593,T3_S6-27
2015-12-12,S6,T4,S6-27,0.509,T4_S6-27
2016-01-14,S6,T5,S6-27,0.492,T5_S6-27
2016-01-25,S6,T6,S6-27,0.507,T6_S6-27
2016-02-01,S6,T7,S6-27,0.535,T7_S6-27
2016-02-05,S6,T8,S6-27,0.548,T8_S6-27
2016-02-12,S6,T9,S6-27,0.529,T9_S6-27
2016-02-22,S6,T10,S6-27,0.406,T10_S6-27
2016-04-05,S6,T11,S6-27,0.549,T11_S6-27
2015-06-30,S6,T0,S6-28,0.568,T0_S6-28
2015-08-04,S6,T1,S6-28,0.518,T1_S6-28
2015-10-02,S6,T2,S6-28,0.518,T2_S6-28
2015-10-21,S6,T3,S6-28,0.504,T3_S6-28
2015-12-12,S6,T4,S6-28,0.454,T4_S6-28
2016-01-14,S6,T5,S6-28,0.539,T5_S6-28
2016-01-25,S6,T6,S6-28,0.536,T6_S6-28
2016-02-01,S6,T7,S6-28,0.531,T7_S6-28
2016-02-05,S6,T8,S6-28,0.527,T8_S6-28
2016-02-12,S6,T9,S6-28,0.498,T9_S6-28
2016-02-22,S6,T10,S6-28,0.335,T10_S6-28
2016-04-05,S6,T11,S6-28,0.551,T11_S6-28
2015-06-30,S6,T0,S6-29,0.531,T0_S6-29
2015-08-04,S6,T1,S6-29,0.518,T1_S6-29
2015-10-02,S6,T2,S6-29,0.547,T2_S6-29
2015-10-21,S6,T3,S6-29,0.575,T3_S6-29
2015-12-12,S6,T4,S6-29,0.498,T4_S6-29
2016-01-14,S6,T5,S6-29,0.556,T5_S6-29
2016-01-25,S6,T6,S6-29,0.52,T6_S6-29
2016-02-01,S6,T7,S6-29,0.532,T7_S6-29
2016-02-05,S6,T8,S6-29,0.549,T8_S6-29
2016-02-12,S6,T9,S6-29,0.529,T9_S6-29
2015-06-30,S6,T0,S6-3,0.565,T0_S6-3
2015-08-04,S6,T1,S6-3,0.533,T1_S6-3
2015-10-02,S6,T2,S6-3,0.579,T2_S6-3
2015-10-21,S6,T3,S6-3,0.582,T3_S6-3
2015-12-12,S6,T4,S6-3,0.465,T4_S6-3
2016-01-14,S6,T5,S6-3,0.474,T5_S6-3
2016-01-25,S6,T6,S6-3,0.522,T6_S6-3
2016-02-01,S6,T7,S6-3,0.509,T7_S6-3
2016-02-05,S6,T8,S6-3,0.523,T8_S6-3
2016-02-12,S6,T9,S6-3,0.488,T9_S6-3
2015-06-30,S6,T0,S6-31,0.541,T0_S6-31
2015-08-04,S6,T1,S6-31,0.525,T1_S6-31
2015-10-02,S6,T2,S6-31,0.479,T2_S6-31
2015-10-21,S6,T3,S6-31,0.447,T3_S6-31
2015-12-12,S6,T4,S6-31,0.447,T4_S6-31
2016-01-14,S6,T5,S6-31,0.511,T5_S6-31
2016-01-25,S6,T6,S6-31,0.534,T6_S6-31
2016-02-01,S6,T7,S6-31,0.498,T7_S6-31
2016-02-05,S6,T8,S6-31,0.511,T8_S6-31
2016-02-12,S6,T9,S6-31,0.447,T9_S6-31
2016-02-22,S6,T10,S6-31,0.17,T10_S6-31
2016-04-05,S6,T11,S6-31,0.413,T11_S6-31
2015-06-30,S6,T0,S6-4,0.569,T0_S6-4
2015-08-04,S6,T1,S6-4,0.567,T1_S6-4
2015-10-02,S6,T2,S6-4,0.49,T2_S6-4
2015-10-21,S6,T3,S6-4,0.496,T3_S6-4
2015-12-12,S6,T4,S6-4,0.449,T4_S6-4
2016-01-14,S6,T5,S6-4,0.538,T5_S6-4
2016-01-25,S6,T6,S6-4,0.538,T6_S6-4
2016-02-01,S6,T7,S6-4,0.492,T7_S6-4
2016-02-05,S6,T8,S6-4,0.489,T8_S6-4
2016-02-12,S6,T9,S6-4,0.49,T9_S6-4
2016-04-05,S6,T11,S6-4,0.481,T11_S6-4
2015-06-30,S6,T0,S6-5,0.539,T0_S6-5
2015-08-04,S6,T1,S6-5,0.535,T1_S6-5
2015-10-02,S6,T2,S6-5,0.585,T2_S6-5
2015-10-21,S6,T3,S6-5,0.57,T3_S6-5
2015-12-12,S6,T4,S6-5,0.507,T4_S6-5
2016-01-14,S6,T5,S6-5,0.517,T5_S6-5
2016-01-25,S6,T6,S6-5,0.563,T6_S6-5
2016-02-01,S6,T7,S6-5,0.553,T7_S6-5
2016-02-05,S6,T8,S6-5,0.574,T8_S6-5
2016-02-12,S6,T9,S6-5,0.526,T9_S6-5
2016-02-22,S6,T10,S6-5,0.417,T10_S6-5
2016-04-05,S6,T11,S6-5,0.545,T11_S6-5
2015-06-30,S6,T0,S6-6,0.563,T0_S6-6
2015-08-04,S6,T1,S6-6,0.549,T1_S6-6
2015-10-02,S6,T2,S6-6,0.594,T2_S6-6
2015-10-21,S6,T3,S6-6,0.633,T3_S6-6
2015-12-12,S6,T4,S6-6,0.575,T4_S6-6
2016-01-14,S6,T5,S6-6,0.59,T5_S6-6
2016-01-25,S6,T6,S6-6,0.595,T6_S6-6
2016-02-01,S6,T7,S6-6,0.591,T7_S6-6
2016-02-05,S6,T8,S6-6,0.591,T8_S6-6
2016-02-12,S6,T9,S6-6,0.542,T9_S6-6
2015-06-30,S6,T0,S6-8,0.566,T0_S6-8
2015-08-04,S6,T1,S6-8,0.58,T1_S6-8
2015-10-02,S6,T2,S6-8,0.58,T2_S6-8
2015-10-21,S6,T3,S6-8,0.517,T3_S6-8
2015-12-12,S6,T4,S6-8,0.492,T4_S6-8
2016-01-14,S6,T5,S6-8,0.517,T5_S6-8
2015-06-30,S6,T0,S6-9,0.594,T0_S6-9
2015-08-04,S6,T1,S6-9,0.532,T1_S6-9
2015-10-02,S6,T2,S6-9,0.567,T2_S6-9
2015-10-21,S6,T3,S6-9,0.579,T3_S6-9
2015-12-12,S6,T4,S6-9,0.587,T4_S6-9
2016-01-14,S6,T5,S6-9,0.628,T5_S6-9
2016-01-25,S6,T6,S6-9,0.58,T6_S6-9
2016-02-01,S6,T7,S6-9,0.562,T7_S6-9
2016-02-05,S6,T8,S6-9,0.585,T8_S6-9
2016-02-12,S6,T9,S6-9,0.58,T9_S6-9
2017-05-11,S5,T17,S5-21,0.505,T17_S5-21
2017-05-11,S2,T17,S2-30,0.547,T17_S2-30
2017-05-11,S3,T17,S3-2,0.527,T17_S3-2
2017-05-11,S1,T17,S1-11,0.551,T17_S1-11
2017-05-11,S6,T17,S6-18,0.495,T17_S6-18
2017-05-11,S4,T17,S4-1,0.497,T17_S4-1
2017-05-11,S5,T17,S5-18,0.524,T17_S5-18
2017-05-11,S2,T17,S2-24,0.506,T17_S2-24
2017-05-11,S3,T17,S3-11,0.521,T17_S3-11
2017-05-11,S1,T17,S1-16,0.544,T17_S1-16
2017-05-11,S6,T17,S6-1,0.511,T17_S6-1
2017-05-11,S4,T17,S4-11,0.465,T17_S4-11
2017-05-11,S4,T17,S4-12,0.485,T17_S4-12
2017-05-11,S6,T17,S6-5,0.52,T17_S6-5
2017-05-11,S1,T17,S1-13,0.539,T17_S1-13
2017-05-11,S3,T17,S3-4,0.532,T17_S3-4
2017-05-11,S2,T17,S2-29,0.528,T17_S2-29
2017-05-11,S5,T17,S5-6,0.521,T17_S5-6
2017-05-11,S1,T17,S1-26,0.544,T17_S1-26
2017-05-11,S3,T17,S3-18,0.555,T17_S3-18
2017-05-11,S4,T17,S4-24,0.522,T17_S4-24
2017-05-11,S6,T17,S6-23,0.506,T17_S6-23
2017-05-11,S2,T17,S2-1,0.534,T17_S2-1
2017-05-11,S1,T17,S1-6,0.563,T17_S1-6
2017-05-11,S3,T17,S3-12,0.56,T17_S3-12
2017-05-11,S4,T17,S4-26,0.512,T17_S4-26
2017-05-11,S6,T17,S6-15,0.559,T17_S6-15
2017-05-11,S2,T17,S2-7,0.529,T17_S2-7
2017-05-11,S1,T17,S1-15,0.595,T17_S1-15
2017-05-11,S3,T17,S3-26,0.617,T17_S3-26
2017-05-11,S4,T17,S4-16,0.547,T17_S4-16
2017-05-11,S6,T17,S6-31,0.575,T17_S6-31
2017-05-11,S5,T17,S5-5,0.543,T17_S5-5
2017-05-11,S2,T17,S2-14,0.599,T17_S2-14
2017-05-11,S1,T17,S1-29,0.54,T17_S1-29
2017-05-11,S2,T17,S2-19,0.51,T17_S2-19
2017-05-11,S4,T17,S4-23,0.58,T17_S4-23
2017-05-11,S5,T17,S5-20,0.516,T17_S5-20
2017-05-11,S6,T17,S6-19,0.509,T17_S6-19
2017-05-11,S1,T17,S1-3,0.552,T17_S1-3
2017-05-11,S2,T17,S2-5,0.531,T17_S2-5
2017-05-11,S3,T17,S3-15,0.563,T17_S3-15
2017-05-11,S4,T17,S4-20,0.582,T17_S4-20
2017-05-11,S5,T17,S5-26,0.55,T17_S5-26
2017-05-11,S6,T17,S6-22,0.504,T17_S6-22
2017-05-11,S2,T17,S2-26,0.515,T17_S2-26
2017-05-11,S3,T17,S3-23,0.543,T17_S3-23
2017-05-11,S6,T17,S6-16,0.525,T17_S6-16
2017-05-11,S2,T17,S2-22,0.521,T17_S2-22
2017-05-11,S5,T17,S5-10,0.52,T17_S5-10
2017-05-11,S4,T17,S4-21,0.498,T17_S4-21
2017-05-11,S6,T17,S6-14,0.504,T17_S6-14
2017-05-11,S1,T17,S1-22,0.536,T17_S1-22
2017-05-11,S3,T17,S3-9,0.525,T17_S3-9
2017-05-11,S2,T17,S2-16,0.514,T17_S2-16
2017-05-11,S5,T17,S5-13,0.524,T17_S5-13
2017-05-11,S4,T17,S4-19,0.512,T17_S4-19
2017-05-11,S6,T17,S6-28,0.518,T17_S6-28
2017-05-11,S1,T17,S1-30,0.546,T17_S1-30
2017-05-11,S3,T17,S3-25,0.526,T17_S3-25
2017-05-11,S2,T17,S2-3,0.531,T17_S2-3
2017-05-11,S5,T17,S5-2,0.537,T17_S5-2
2017-05-11,S4,T17,S4-17,0.501,T17_S4-17
2017-05-11,S6,T17,S6-13,0.535,T17_S6-13
2017-05-11,S1,T17,S1-2,0.553,T17_S1-2
2017-05-11,S3,T17,S3-16,0.534,T17_S3-16
2017-05-11,S5,T17,S5-24,0.551,T17_S5-24
2017-05-11,S2,T17,S2-10,0.526,T17_S2-10
2017-05-11,S1,T17,S1-4,0.551,T17_S1-4
2017-05-11,S3,T17,S3-3,0.542,T17_S3-3
2017-05-11,S4,T17,S4-25,0.508,T17_S4-25
2017-05-11,S6,T17,S6-17,0.502,T17_S6-17
2017-05-11,S2,T17,S2-31,0.549,T17_S2-31
2017-05-11,S1,T17,S1-17,0.558,T17_S1-17
2017-05-11,S3,T17,S3-8,0.554,T17_S3-8
2017-05-11,S4,T17,S4-22,0.532,T17_S4-22
2017-05-11,S5,T17,S5-12,0.552,T17_S5-12
2017-05-11,S5,T17,S5-14,0.552,T17_S5-14
2017-05-11,S2,T17,S2-8,0.534,T17_S2-8
2017-05-11,S1,T17,S1-5,0.535,T17_S1-5
2017-05-11,S3,T17,S3-28,0.525,T17_S3-28
2017-05-11,S4,T17,S4-18,0.515,T17_S4-18
2017-05-11,S6,T17,S6-10,0.492,T17_S6-10
2017-05-11,S1,T17,S1-21,0.537,T17_S1-21
2017-05-11,S2,T17,S2-6,0.555,T17_S2-6
2017-05-11,S3,T17,S3-22,0.56,T17_S3-22
2017-05-11,S4,T17,S4-5,0.504,T17_S4-5
2017-05-11,S5,T17,S5-4,0.534,T17_S5-4
2017-05-11,S6,T17,S6-4,0.526,T17_S6-4
2017-05-11,S1,T17,S1-20,0.557,T17_S1-20
2017-05-11,S2,T17,S2-27,0.541,T17_S2-27
2017-05-11,S3,T17,S3-24,0.557,T17_S3-24
2017-05-11,S5,T17,S5-16,0.539,T17_S5-16
2017-05-11,S6,T17,S6-2,0.518,T17_S6-2
2017-05-11,S1,T17,S1-27,0.519,T17_S1-27
2017-05-11,S3,T17,S3-14,0.531,T17_S3-14
2017-05-11,S4,T17,S4-27,0.515,T17_S4-27
2017-05-11,S2,T17,S2-12,0.508,T17_S2-12
2017-05-18,S5,T18,S5-21,0.484,T18_S5-21
2017-05-18,S2,T18,S2-30,0.521,T18_S2-30
2017-05-18,S3,T18,S3-2,0.185,T18_S3-2
2017-05-18,S1,T18,S1-11,0.506,T18_S1-11
2017-05-18,S6,T18,S6-18,0.489,T18_S6-18
2017-05-18,S4,T18,S4-1,0.495,T18_S4-1
2017-05-18,S5,T18,S5-18,0.499,T18_S5-18
2017-05-18,S2,T18,S2-24,0.512,T18_S2-24
2017-05-18,S3,T18,S3-11,0.508,T18_S3-11
2017-05-18,S1,T18,S1-16,0.525,T18_S1-16
2017-05-18,S6,T18,S6-1,0.508,T18_S6-1
2017-05-18,S4,T18,S4-11,0.489,T18_S4-11
2017-05-18,S4,T18,S4-12,0.486,T18_S4-12
2017-05-18,S6,T18,S6-5,0.505,T18_S6-5
2017-05-18,S1,T18,S1-13,0.525,T18_S1-13
2017-05-18,S3,T18,S3-4,0.515,T18_S3-4
2017-05-18,S2,T18,S2-29,0.518,T18_S2-29
2017-05-18,S5,T18,S5-6,0.521,T18_S5-6
2017-05-18,S1,T18,S1-26,0.549,T18_S1-26
2017-05-18,S3,T18,S3-18,0.523,T18_S3-18
2017-05-18,S4,T18,S4-24,0.509,T18_S4-24
2017-05-18,S6,T18,S6-23,0.503,T18_S6-23
2017-05-18,S2,T18,S2-1,0.523,T18_S2-1
2017-05-18,S1,T18,S1-6,0.541,T18_S1-6
2017-05-18,S3,T18,S3-12,0.535,T18_S3-12
2017-05-18,S4,T18,S4-26,0.496,T18_S4-26
2017-05-18,S6,T18,S6-15,0.536,T18_S6-15
2017-05-18,S2,T18,S2-7,0.523,T18_S2-7
2017-05-18,S1,T18,S1-15,0.526,T18_S1-15
2017-05-18,S3,T18,S3-26,0.537,T18_S3-26
2017-05-18,S4,T18,S4-16,0.537,T18_S4-16
2017-05-18,S6,T18,S6-31,0.522,T18_S6-31
2017-05-18,S5,T18,S5-5,0.515,T18_S5-5
2017-05-18,S2,T18,S2-14,0.509,T18_S2-14
2017-05-18,S1,T18,S1-29,0.522,T18_S1-29
2017-05-18,S2,T18,S2-19,0.521,T18_S2-19
2017-05-18,S4,T18,S4-23,0.562,T18_S4-23
2017-05-18,S5,T18,S5-20,0.525,T18_S5-20
2017-05-18,S6,T18,S6-19,0.524,T18_S6-19
2017-05-18,S1,T18,S1-3,0.545,T18_S1-3
2017-05-18,S2,T18,S2-5,0.541,T18_S2-5
2017-05-18,S3,T18,S3-15,0.546,T18_S3-15
2017-05-18,S4,T18,S4-20,0.556,T18_S4-20
2017-05-18,S5,T18,S5-26,0.524,T18_S5-26
2017-05-18,S6,T18,S6-22,0.517,T18_S6-22
2017-05-18,S2,T18,S2-26,0.526,T18_S2-26
2017-05-18,S3,T18,S3-23,0.52,T18_S3-23
2017-05-18,S6,T18,S6-16,0.507,T18_S6-16
2017-05-18,S2,T18,S2-22,0.501,T18_S2-22
2017-05-18,S5,T18,S5-10,0.508,T18_S5-10
2017-05-18,S4,T18,S4-21,0.488,T18_S4-21
2017-05-18,S6,T18,S6-14,0.502,T18_S6-14
2017-05-18,S1,T18,S1-22,0.514,T18_S1-22
2017-05-18,S3,T18,S3-9,0.525,T18_S3-9
2017-05-18,S2,T18,S2-16,0.486,T18_S2-16
2017-05-18,S5,T18,S5-13,0.503,T18_S5-13
2017-05-18,S4,T18,S4-19,0.492,T18_S4-19
2017-05-18,S6,T18,S6-28,0.506,T18_S6-28
2017-05-18,S1,T18,S1-30,0.523,T18_S1-30
2017-05-18,S3,T18,S3-25,0.517,T18_S3-25
2017-05-18,S2,T18,S2-3,0.534,T18_S2-3
2017-05-18,S5,T18,S5-2,0.527,T18_S5-2
2017-05-18,S4,T18,S4-17,0.511,T18_S4-17
2017-05-18,S6,T18,S6-13,0.53,T18_S6-13
2017-05-18,S1,T18,S1-2,0.532,T18_S1-2
2017-05-18,S3,T18,S3-16,0.516,T18_S3-16
2017-05-18,S5,T18,S5-24,0.504,T18_S5-24
2017-05-18,S2,T18,S2-10,0.471,T18_S2-10
2017-05-18,S1,T18,S1-4,0.518,T18_S1-4
2017-05-18,S3,T18,S3-3,0.504,T18_S3-3
2017-05-18,S4,T18,S4-25,0.472,T18_S4-25
2017-05-18,S6,T18,S6-17,0.529,T18_S6-17
2017-05-18,S2,T18,S2-31,0.504,T18_S2-31
2017-05-18,S1,T18,S1-17,0.521,T18_S1-17
2017-05-18,S3,T18,S3-8,0.524,T18_S3-8
2017-05-18,S4,T18,S4-22,0.499,T18_S4-22
2017-05-18,S5,T18,S5-12,0.534,T18_S5-12
2017-05-18,S5,T18,S5-14,0.514,T18_S5-14
2017-05-18,S2,T18,S2-8,0.501,T18_S2-8
2017-05-18,S1,T18,S1-5,0.52,T18_S1-5
2017-05-18,S3,T18,S3-28,0.519,T18_S3-28
2017-05-18,S4,T18,S4-18,0.477,T18_S4-18
2017-05-18,S6,T18,S6-10,0.494,T18_S6-10
2017-05-18,S1,T18,S1-21,0.485,T18_S1-21
2017-05-18,S2,T18,S2-6,0.526,T18_S2-6
2017-05-18,S3,T18,S3-22,0.52,T18_S3-22
2017-05-18,S4,T18,S4-5,0.478,T18_S4-5
2017-05-18,S5,T18,S5-4,0.493,T18_S5-4
2017-05-18,S6,T18,S6-4,0.512,T18_S6-4
2017-05-18,S1,T18,S1-20,0.505,T18_S1-20
2017-05-18,S2,T18,S2-27,0.532,T18_S2-27
2017-05-18,S3,T18,S3-24,0.527,T18_S3-24
2017-05-18,S5,T18,S5-16,0.506,T18_S5-16
2017-05-18,S6,T18,S6-2,0.495,T18_S6-2
2017-05-18,S1,T18,S1-27,0.5,T18_S1-27
2017-05-18,S3,T18,S3-14,0.532,T18_S3-14
2017-05-18,S4,T18,S4-27,0.524,T18_S4-27
2017-05-18,S2,T18,S2-12,0.527,T18_S2-12
2017-05-18,S2,T18,S2-A,0.446,T18_S2-A
2017-05-18,S2,T18,S2-B,0.441,T18_S2-B
2017-05-18,S6,T18,S6-C,0.558,T18_S6-C
2017-05-18,S6,T18,S6-D,0.502,T18_S6-D
2017-05-18,S2,T18,S2-E,0.482,T18_S2-E
2017-05-18,S6,T18,S6-F,0.501,T18_S6-F
2017-05-18,S6,T18,S6-G,0.505,T18_S6-G
2017-05-18,S2,T18,S2-H,0.514,T18_S2-H
2017-05-18,S2,T18,S2-I,0.439,T18_S2-I
2017-05-18,S2,T18,S2-J,0.505,T18_S2-J
2017-05-18,S6,T18,S6-K,0.444,T18_S6-K
2017-05-18,S6,T18,S6-L,0.44,T18_S6-L
2017-05-18,S6,T18,S6-M,0.522,T18_S6-M
2017-05-18,S2,T18,S2-N,0.496,T18_S2-N
2017-05-18,S2,T18,S2-O,0.338,T18_S2-O
2017-05-18,S2,T18,S2-P,0.492,T18_S2-P
2017-05-18,S2,T18,S2-Q,0.311,T18_S2-Q
2017-05-25,S4,T19,S4-12,0.516,T19_S4-12
2017-05-25,S6,T19,S6-5,0.492,T19_S6-5
2017-05-25,S1,T19,S1-13,0.554,T19_S1-13
2017-05-25,S3,T19,S3-4,0.535,T19_S3-4
2017-05-25,S2,T19,S2-29,0.534,T19_S2-29
2017-05-25,S5,T19,S5-6,0.541,T19_S5-6
2017-05-25,S4,T19,S4-11,0.502,T19_S4-11
2017-05-25,S6,T19,S6-1,0.498,T19_S6-1
2017-05-25,S1,T19,S1-16,0.546,T19_S1-16
2017-05-25,S3,T19,S3-11,0.518,T19_S3-11
2017-05-25,S2,T19,S2-24,0.493,T19_S2-24
2017-05-25,S5,T19,S5-18,0.506,T19_S5-18
2017-05-25,S4,T19,S4-1,0.504,T19_S4-1
2017-05-25,S6,T19,S6-18,0.45,T19_S6-18
2017-05-25,S1,T19,S1-11,0.5,T19_S1-11
2017-05-25,S3,T19,S3-2,0.488,T19_S3-2
2017-05-25,S2,T19,S2-30,0.521,T19_S2-30
2017-05-25,S5,T19,S5-21,0.5,T19_S5-21
2017-05-25,S1,T19,S1-26,0.548,T19_S1-26
2017-05-25,S3,T19,S3-18,0.497,T19_S3-18
2017-05-25,S4,T19,S4-24,0.507,T19_S4-24
2017-05-25,S6,T19,S6-23,0.533,T19_S6-23
2017-05-25,S2,T19,S2-1,0.542,T19_S2-1
2017-05-25,S1,T19,S1-6,0.552,T19_S1-6
2017-05-25,S3,T19,S3-12,0.528,T19_S3-12
2017-05-25,S4,T19,S4-26,0.492,T19_S4-26
2017-05-25,S6,T19,S6-15,0.549,T19_S6-15
2017-05-25,S2,T19,S2-7,0.537,T19_S2-7
2017-05-25,S1,T19,S1-15,0.53,T19_S1-15
2017-05-25,S3,T19,S3-26,0.46,T19_S3-26
2017-05-25,S4,T19,S4-16,0.514,T19_S4-16
2017-05-25,S6,T19,S6-31,0.521,T19_S6-31
2017-05-25,S5,T19,S5-5,0.511,T19_S5-5
2017-05-25,S2,T19,S2-14,0.511,T19_S2-14
2017-05-25,S1,T19,S1-29,0.521,T19_S1-29
2017-05-25,S2,T19,S2-19,0.555,T19_S2-19
2017-05-25,S4,T19,S4-23,0.552,T19_S4-23
2017-05-25,S5,T19,S5-20,0.526,T19_S5-20
2017-05-25,S6,T19,S6-19,0.516,T19_S6-19
2017-05-25,S1,T19,S1-3,0.551,T19_S1-3
2017-05-25,S2,T19,S2-5,0.551,T19_S2-5
2017-05-25,S3,T19,S3-15,0.537,T19_S3-15
2017-05-25,S4,T19,S4-20,0.549,T19_S4-20
2017-05-25,S5,T19,S5-26,0.522,T19_S5-26
2017-05-25,S6,T19,S6-22,0.528,T19_S6-22
2017-05-25,S2,T19,S2-26,0.539,T19_S2-26
2017-05-25,S3,T19,S3-23,0.405,T19_S3-23
2017-05-25,S6,T19,S6-16,0.483,T19_S6-16
2017-05-25,S1,T19,S1-21,0.473,T19_S1-21
2017-05-25,S2,T19,S2-6,0.54,T19_S2-6
2017-05-25,S3,T19,S3-22,0.497,T19_S3-22
2017-05-25,S4,T19,S4-5,0.479,T19_S4-5
2017-05-25,S5,T19,S5-4,0.488,T19_S5-4
2017-05-25,S6,T19,S6-4,0.499,T19_S6-4
2017-05-25,S1,T19,S1-20,0.486,T19_S1-20
2017-05-25,S2,T19,S2-27,0.537,T19_S2-27
2017-05-25,S3,T19,S3-24,0.518,T19_S3-24
2017-05-25,S5,T19,S5-16,0.487,T19_S5-16
2017-05-25,S6,T19,S6-2,0.484,T19_S6-2
2017-05-25,S1,T19,S1-27,0.482,T19_S1-27
2017-05-25,S3,T19,S3-14,0.512,T19_S3-14
2017-05-25,S4,T19,S4-27,0.506,T19_S4-27
2017-05-25,S2,T19,S2-12,0.51,T19_S2-12
2017-05-25,S5,T19,S5-24,0.534,T19_S5-24
2017-05-25,S2,T19,S2-10,0.507,T19_S2-10
2017-05-25,S1,T19,S1-4,0.522,T19_S1-4
2017-05-25,S3,T19,S3-3,0.471,T19_S3-3
2017-05-25,S4,T19,S4-25,0.516,T19_S4-25
2017-05-25,S6,T19,S6-17,0.525,T19_S6-17
2017-05-25,S2,T19,S2-31,0.517,T19_S2-31
2017-05-25,S1,T19,S1-17,0.533,T19_S1-17
2017-05-25,S3,T19,S3-8,0.521,T19_S3-8
2017-05-25,S4,T19,S4-22,0.491,T19_S4-22
2017-05-25,S6,T19,S6-27,0.486,T19_S6-27
2017-05-25,S5,T19,S5-12,0.54,T19_S5-12
2017-05-25,S5,T19,S5-14,0.498,T19_S5-14
2017-05-25,S2,T19,S2-8,0.518,T19_S2-8
2017-05-25,S1,T19,S1-5,0.513,T19_S1-5
2017-05-25,S3,T19,S3-28,0.51,T19_S3-28
2017-05-25,S4,T19,S4-18,0.458,T19_S4-18
2017-05-25,S6,T19,S6-10,0.499,T19_S6-10
2017-05-25,S2,T19,S2-22,0.506,T19_S2-22
2017-05-25,S5,T19,S5-10,0.51,T19_S5-10
2017-05-25,S4,T19,S4-21,0.49,T19_S4-21
2017-05-25,S6,T19,S6-14,0.499,T19_S6-14
2017-05-25,S1,T19,S1-22,0.528,T19_S1-22
2017-05-25,S3,T19,S3-9,0.537,T19_S3-9
2017-05-25,S2,T19,S2-16,0.486,T19_S2-16
2017-05-25,S5,T19,S5-13,0.517,T19_S5-13
2017-05-25,S4,T19,S4-19,0.489,T19_S4-19
2017-05-25,S6,T19,S6-28,0.505,T19_S6-28
2017-05-25,S1,T19,S1-30,0.539,T19_S1-30
2017-05-25,S3,T19,S3-25,0.534,T19_S3-25
2017-05-25,S2,T19,S2-3,0.529,T19_S2-3
2017-05-25,S5,T19,S5-2,0.561,T19_S5-2
2017-05-25,S4,T19,S4-17,0.48,T19_S4-17
2017-05-25,S6,T19,S6-13,0.505,T19_S6-13
2017-05-25,S1,T19,S1-2,0.534,T19_S1-2
2017-05-25,S3,T19,S3-16,0.515,T19_S3-16
2017-06-01,S4,T20,S4-12,0.494,T20_S4-12
2017-06-01,S6,T20,S6-5,0.48,T20_S6-5
2017-06-01,S1,T20,S1-13,0.526,T20_S1-13
2017-06-01,S3,T20,S3-4,0.505,T20_S3-4
2017-06-01,S2,T20,S2-29,0.496,T20_S2-29
2017-06-01,S5,T20,S5-6,0.507,T20_S5-6
2017-06-01,S4,T20,S4-11,0.479,T20_S4-11
2017-06-01,S6,T20,S6-1,0.466,T20_S6-1
2017-06-01,S1,T20,S1-16,0.523,T20_S1-16
2017-06-01,S3,T20,S3-11,0.501,T20_S3-11
2017-06-01,S2,T20,S2-24,0.487,T20_S2-24
2017-06-01,S5,T20,S5-18,0.468,T20_S5-18
2017-06-01,S4,T20,S4-1,0.495,T20_S4-1
2017-06-01,S1,T20,S1-11,0.507,T20_S1-11
2017-06-01,S3,T20,S3-2,0.507,T20_S3-2
2017-06-01,S2,T20,S2-30,0.515,T20_S2-30
2017-06-01,S5,T20,S5-21,0.476,T20_S5-21
2017-06-01,S6,T20,S6-18,0.463,T20_S6-18
2017-06-01,S1,T20,S1-26,0.481,T20_S1-26
2017-06-01,S3,T20,S3-18,0.437,T20_S3-18
2017-06-01,S4,T20,S4-24,0.441,T20_S4-24
2017-06-01,S6,T20,S6-23,0.468,T20_S6-23
2017-06-01,S2,T20,S2-1,0.502,T20_S2-1
2017-06-01,S1,T20,S1-6,0.462,T20_S1-6
2017-06-01,S3,T20,S3-12,0.464,T20_S3-12
2017-06-01,S4,T20,S4-26,0.433,T20_S4-26
2017-06-01,S6,T20,S6-15,0.498,T20_S6-15
2017-06-01,S2,T20,S2-7,0.493,T20_S2-7
2017-06-01,S1,T20,S1-15,0.411,T20_S1-15
2017-06-01,S3,T20,S3-26,0.471,T20_S3-26
2017-06-01,S4,T20,S4-16,0.467,T20_S4-16
2017-06-01,S6,T20,S6-31,0.497,T20_S6-31
2017-06-01,S5,T20,S5-5,0.487,T20_S5-5
2017-06-01,S2,T20,S2-14,0.485,T20_S2-14
2017-06-01,S1,T20,S1-29,0.402,T20_S1-29
2017-06-01,S2,T20,S2-19,0.478,T20_S2-19
2017-06-01,S4,T20,S4-23,0.481,T20_S4-23
2017-06-01,S5,T20,S5-20,0.482,T20_S5-20
2017-06-01,S6,T20,S6-19,0.468,T20_S6-19
2017-06-01,S1,T20,S1-3,0.474,T20_S1-3
2017-06-01,S2,T20,S2-5,0.495,T20_S2-5
2017-06-01,S3,T20,S3-15,0.45,T20_S3-15
2017-06-01,S4,T20,S4-20,0.477,T20_S4-20
2017-06-01,S5,T20,S5-26,0.43,T20_S5-26
2017-06-01,S6,T20,S6-22,0.475,T20_S6-22
2017-06-01,S2,T20,S2-26,0.477,T20_S2-26
2017-06-01,S3,T20,S3-23,0.383,T20_S3-23
2017-06-01,S6,T20,S6-16,0.431,T20_S6-16
2017-06-01,S1,T20,S1-21,0.396,T20_S1-21
2017-06-01,S2,T20,S2-6,0.507,T20_S2-6
2017-06-01,S3,T20,S3-22,0.429,T20_S3-22
2017-06-01,S4,T20,S4-5,0.413,T20_S4-5
2017-06-01,S5,T20,S5-4,0.46,T20_S5-4
2017-06-01,S6,T20,S6-4,0.477,T20_S6-4
2017-06-01,S1,T20,S1-20,0.404,T20_S1-20
2017-06-01,S2,T20,S2-27,0.519,T20_S2-27
2017-06-01,S3,T20,S3-24,0.438,T20_S3-24
2017-06-01,S5,T20,S5-16,0.447,T20_S5-16
2017-06-01,S6,T20,S6-2,0.451,T20_S6-2
2017-06-01,S1,T20,S1-27,0.398,T20_S1-27
2017-06-01,S3,T20,S3-14,0.421,T20_S3-14
2017-06-01,S4,T20,S4-27,0.42,T20_S4-27
2017-06-01,S2,T20,S2-12,0.448,T20_S2-12
2017-06-01,S5,T20,S5-24,0.51,T20_S5-24
2017-06-01,S2,T20,S2-10,0.502,T20_S2-10
2017-06-01,S1,T20,S1-4,0.505,T20_S1-4
2017-06-01,S3,T20,S3-3,0.455,T20_S3-3
2017-06-01,S6,T20,S6-17,0.499,T20_S6-17
2017-06-01,S2,T20,S2-31,0.507,T20_S2-31
2017-06-01,S1,T20,S1-17,0.473,T20_S1-17
2017-06-01,S3,T20,S3-8,0.491,T20_S3-8
2017-06-01,S4,T20,S4-22,0.441,T20_S4-22
2017-06-01,S6,T20,S6-27,0.403,T20_S6-27
2017-06-01,S5,T20,S5-12,0.499,T20_S5-12
2017-06-01,S5,T20,S5-14,0.499,T20_S5-14
2017-06-01,S2,T20,S2-8,0.497,T20_S2-8
2017-06-01,S1,T20,S1-5,0.499,T20_S1-5
2017-06-01,S3,T20,S3-28,0.449,T20_S3-28
2017-06-01,S4,T20,S4-18,0.447,T20_S4-18
2017-06-01,S6,T20,S6-10,0.476,T20_S6-10
2017-06-01,S2,T20,S2-22,0.507,T20_S2-22
2017-06-01,S5,T20,S5-10,0.502,T20_S5-10
2017-06-01,S4,T20,S4-21,0.484,T20_S4-21
2017-06-01,S6,T20,S6-14,0.503,T20_S6-14
2017-06-01,S1,T20,S1-22,0.501,T20_S1-22
2017-06-01,S3,T20,S3-9,0.531,T20_S3-9
2017-06-01,S2,T20,S2-16,0.477,T20_S2-16
2017-06-01,S5,T20,S5-13,0.506,T20_S5-13
2017-06-01,S4,T20,S4-19,0.481,T20_S4-19
2017-06-01,S6,T20,S6-28,0.505,T20_S6-28
2017-06-01,S1,T20,S1-30,0.512,T20_S1-30
2017-06-01,S3,T20,S3-25,0.521,T20_S3-25
2017-06-01,S2,T20,S2-3,0.525,T20_S2-3
2017-06-01,S5,T20,S5-2,0.508,T20_S5-2
2017-06-01,S4,T20,S4-17,0.49,T20_S4-17
2017-06-01,S6,T20,S6-13,0.509,T20_S6-13
2017-06-01,S1,T20,S1-2,0.513,T20_S1-2
2017-06-01,S3,T20,S3-16,0.522,T20_S3-16
2017-06-01,S6,T20,S6-L,0.385,T20_S6-L
2017-06-01,S6,T20,S6-F,0.422,T20_S6-F
2017-06-01,S2,T20,S2-H,0.36,T20_S2-H
2017-06-01,S2,T20,S2-B,0.436,T20_S2-B
2017-06-01,S2,T20,S2-I,0.428,T20_S2-I
2017-06-01,S2,T20,S2-Q,0.429,T20_S2-Q
2017-06-01,S2,T20,S2-J,0.402,T20_S2-J
2017-06-01,S2,T20,S2-P,0.372,T20_S2-P
2017-06-01,S2,T20,S2-O,0.303,T20_S2-O
2017-06-01,S2,T20,S2-A,0.405,T20_S2-A
2017-06-01,S2,T20,S2-E,0.388,T20_S2-E
2017-06-01,S6,T20,S6-K,0.387,T20_S6-K
2017-06-01,S6,T20,S6-G,0.45,T20_S6-G
2017-06-01,S2,T20,S2-N,0.446,T20_S2-N
2017-06-01,S6,T20,S6-D,0.495,T20_S6-D
2017-06-01,S6,T20,S6-C,0.487,T20_S6-C
2017-06-01,S6,T20,S6-M,0.475,T20_S6-M
2017-06-01,S4,T20,S4-25,0.491,T20_S4-25
2017-06-03,S4,T21,S4-12,0.443,T21_S4-12
2017-06-03,S6,T21,S6-5,0.447,T21_S6-5
2017-06-03,S1,T21,S1-13,0.493,T21_S1-13
2017-06-03,S3,T21,S3-4,0.478,T21_S3-4
2017-06-03,S2,T21,S2-29,0.457,T21_S2-29
2017-06-03,S5,T21,S5-6,0.477,T21_S5-6
2017-06-03,S1,T21,S1-16,0.498,T21_S1-16
2017-06-03,S6,T21,S6-1,0.431,T21_S6-1
2017-06-03,S4,T21,S4-11,0.443,T21_S4-11
2017-06-03,S3,T21,S3-11,0.461,T21_S3-11
2017-06-03,S2,T21,S2-24,0.46,T21_S2-24
2017-06-03,S5,T21,S5-18,0.449,T21_S5-18
2017-06-03,S4,T21,S4-1,0.457,T21_S4-1
2017-06-03,S6,T21,S6-18,0.436,T21_S6-18
2017-06-03,S1,T21,S1-11,0.477,T21_S1-11
2017-06-03,S3,T21,S3-2,0.457,T21_S3-2
2017-06-03,S2,T21,S2-30,0.483,T21_S2-30
2017-06-03,S5,T21,S5-21,0.438,T21_S5-21
2017-06-03,S1,T21,S1-26,0.483,T21_S1-26
2017-06-03,S3,T21,S3-18,0.433,T21_S3-18
2017-06-03,S4,T21,S4-24,0.416,T21_S4-24
2017-06-03,S1,T21,S1-6,0.466,T21_S1-6
2017-06-03,S3,T21,S3-12,0.453,T21_S3-12
2017-06-03,S4,T21,S4-26,0.431,T21_S4-26
2017-06-03,S6,T21,S6-15,0.478,T21_S6-15
2017-06-03,S2,T21,S2-7,0.471,T21_S2-7
2017-06-03,S1,T21,S1-15,0.453,T21_S1-15
2017-06-03,S6,T21,S6-23,0.385,T21_S6-23
2017-06-03,S2,T21,S2-1,0.47,T21_S2-1
2017-06-03,S3,T21,S3-26,0.441,T21_S3-26
2017-06-03,S4,T21,S4-16,0.451,T21_S4-16
2017-06-03,S6,T21,S6-31,0.489,T21_S6-31
2017-06-03,S5,T21,S5-5,0.457,T21_S5-5
2017-06-03,S2,T21,S2-14,0.468,T21_S2-14
2017-06-03,S1,T21,S1-29,0.446,T21_S1-29
2017-06-03,S2,T21,S2-19,0.471,T21_S2-19
2017-06-03,S5,T21,S5-20,0.478,T21_S5-20
2017-06-03,S6,T21,S6-19,0.437,T21_S6-19
2017-06-03,S1,T21,S1-3,0.474,T21_S1-3
2017-06-03,S2,T21,S2-5,0.499,T21_S2-5
2017-06-03,S6,T21,S6-22,0.456,T21_S6-22
2017-06-03,S2,T21,S2-26,0.485,T21_S2-26
2017-06-03,S5,T21,S5-26,0.38,T21_S5-26
2017-06-03,S3,T21,S3-15,0.296,T21_S3-15
2017-06-03,S4,T21,S4-20,0.358,T21_S4-20
2017-06-03,S3,T21,S3-23,0.287,T21_S3-23
2017-06-03,S4,T21,S4-23,0.398,T21_S4-23
2017-06-03,S6,T21,S6-16,0.428,T21_S6-16
2017-06-03,S1,T21,S1-21,0.389,T21_S1-21
2017-06-03,S2,T21,S2-6,0.5,T21_S2-6
2017-06-03,S3,T21,S3-22,0.379,T21_S3-22
2017-06-03,S4,T21,S4-5,0.394,T21_S4-5
2017-06-03,S5,T21,S5-4,0.457,T21_S5-4
2017-06-03,S6,T21,S6-4,0.465,T21_S6-4
2017-06-03,S1,T21,S1-20,0.427,T21_S1-20
2017-06-03,S2,T21,S2-27,0.507,T21_S2-27
2017-06-03,S3,T21,S3-24,0.384,T21_S3-24
2017-06-03,S5,T21,S5-16,0.41,T21_S5-16
2017-06-03,S6,T21,S6-2,0.427,T21_S6-2
2017-06-03,S1,T21,S1-27,0.431,T21_S1-27
2017-06-03,S3,T21,S3-14,0.368,T21_S3-14
2017-06-03,S4,T21,S4-27,0.385,T21_S4-27
2017-06-03,S2,T21,S2-12,0.414,T21_S2-12
2017-06-03,S5,T21,S5-24,0.517,T21_S5-24
2017-06-03,S2,T21,S2-10,0.552,T21_S2-10
2017-06-03,S1,T21,S1-4,0.509,T21_S1-4
2017-06-03,S3,T21,S3-3,0.464,T21_S3-3
2017-06-03,S4,T21,S4-25,0.505,T21_S4-25
2017-06-03,S6,T21,S6-17,0.511,T21_S6-17
2017-06-03,S5,T21,S5-14,0.516,T21_S5-14
2017-06-03,S2,T21,S2-31,0.519,T21_S2-31
2017-06-03,S1,T21,S1-17,0.481,T21_S1-17
2017-06-03,S3,T21,S3-8,0.493,T21_S3-8
2017-06-03,S4,T21,S4-22,0.449,T21_S4-22
2017-06-03,S6,T21,S6-27,0.478,T21_S6-27
2017-06-03,S5,T21,S5-12,0.504,T21_S5-12
2017-06-03,S2,T21,S2-8,0.505,T21_S2-8
2017-06-03,S1,T21,S1-5,0.48,T21_S1-5
2017-06-03,S3,T21,S3-28,0.422,T21_S3-28
2017-06-03,S4,T21,S4-18,0.432,T21_S4-18
2017-06-03,S6,T21,S6-10,0.458,T21_S6-10
2017-06-03,S2,T21,S2-22,0.481,T21_S2-22
2017-06-03,S5,T21,S5-10,0.47,T21_S5-10
2017-06-03,S4,T21,S4-21,0.457,T21_S4-21
2017-06-03,S6,T21,S6-14,0.473,T21_S6-14
2017-06-03,S1,T21,S1-22,0.486,T21_S1-22
2017-06-03,S3,T21,S3-9,0.51,T21_S3-9
2017-06-03,S2,T21,S2-16,0.455,T21_S2-16
2017-06-03,S5,T21,S5-13,0.495,T21_S5-13
2017-06-03,S4,T21,S4-19,0.469,T21_S4-19
2017-06-03,S6,T21,S6-28,0.487,T21_S6-28
2017-06-03,S1,T21,S1-30,0.51,T21_S1-30
2017-06-03,S3,T21,S3-25,0.519,T21_S3-25
2017-06-03,S2,T21,S2-3,0.522,T21_S2-3
2017-06-03,S5,T21,S5-2,0.496,T21_S5-2
2017-06-03,S4,T21,S4-17,0.476,T21_S4-17
2017-06-03,S6,T21,S6-13,0.525,T21_S6-13
2017-06-03,S1,T21,S1-2,0.516,T21_S1-2
2017-06-03,S3,T21,S3-16,0.517,T21_S3-16
2017-06-03,S6,T21,S6-C,0.534,T21_S6-C
2017-06-03,S6,T21,S6-D,0.543,T21_S6-D
2017-06-03,S2,T21,S2-N,0.483,T21_S2-N
2017-06-03,S6,T21,S6-K,0.467,T21_S6-K
2017-06-03,S2,T21,S2-J,0.46,T21_S2-J
2017-06-03,S6,T21,S6-M,0.531,T21_S6-M
2017-06-03,S6,T21,S6-G,0.494,T21_S6-G
2017-06-03,S6,T21,S6-F,0.458,T21_S6-F
2017-06-03,S2,T21,S2-B,0.43,T21_S2-B
2017-06-03,S6,T21,S6-L,0.428,T21_S6-L
2017-06-03,S2,T21,S2-I,0.444,T21_S2-I
2017-06-03,S2,T21,S2-Q,0.396,T21_S2-Q
2017-06-03,S2,T21,S2-P,0.477,T21_S2-P
2017-06-03,S2,T21,S2-H,0.452,T21_S2-H
2017-06-03,S2,T21,S2-E,0.436,T21_S2-E
2017-06-03,S2,T21,S2-O,0.354,T21_S2-O
2017-06-03,S2,T21,S2-A,0.444,T21_S2-A
2017-06-08,S1,T22,S1-29,0.463,T22_S1-29
2017-06-08,S2,T22,S2-19,0.461,T22_S2-19
2017-06-08,S4,T22,S4-23,0.371,T22_S4-23
2017-06-08,S5,T22,S5-20,0.452,T22_S5-20
2017-06-08,S6,T22,S6-19,0.408,T22_S6-19
2017-06-08,S1,T22,S1-3,0.493,T22_S1-3
2017-06-08,S2,T22,S2-5,0.476,T22_S2-5
2017-06-08,S3,T22,S3-15,0.217,T22_S3-15
2017-06-08,S4,T22,S4-20,0.357,T22_S4-20
2017-06-08,S5,T22,S5-26,0.269,T22_S5-26
2017-06-08,S6,T22,S6-22,0.435,T22_S6-22
2017-06-08,S2,T22,S2-26,0.432,T22_S2-26
2017-06-08,S3,T22,S3-23,0.169,T22_S3-23
2017-06-08,S6,T22,S6-16,0.423,T22_S6-16
2017-06-08,S1,T22,S1-26,0.467,T22_S1-26
2017-06-08,S3,T22,S3-18,0.45,T22_S3-18
2017-06-08,S4,T22,S4-24,0.389,T22_S4-24
2017-06-08,S6,T22,S6-23,0.425,T22_S6-23
2017-06-08,S2,T22,S2-1,0.454,T22_S2-1
2017-06-08,S1,T22,S1-6,0.455,T22_S1-6
2017-06-08,S3,T22,S3-12,0.446,T22_S3-12
2017-06-08,S4,T22,S4-26,0.408,T22_S4-26
2017-06-08,S6,T22,S6-15,0.473,T22_S6-15
2017-06-08,S2,T22,S2-7,0.462,T22_S2-7
2017-06-08,S1,T22,S1-15,0.416,T22_S1-15
2017-06-08,S3,T22,S3-26,0.441,T22_S3-26
2017-06-08,S4,T22,S4-16,0.416,T22_S4-16
2017-06-08,S6,T22,S6-31,0.494,T22_S6-31
2017-06-08,S5,T22,S5-5,0.467,T22_S5-5
2017-06-08,S2,T22,S2-14,0.488,T22_S2-14
2017-06-08,S2,T22,S2-22,0.465,T22_S2-22
2017-06-08,S5,T22,S5-10,0.466,T22_S5-10
2017-06-08,S4,T22,S4-21,0.428,T22_S4-21
2017-06-08,S6,T22,S6-14,0.456,T22_S6-14
2017-06-08,S1,T22,S1-22,0.494,T22_S1-22
2017-06-08,S3,T22,S3-9,0.511,T22_S3-9
2017-06-08,S2,T22,S2-16,0.426,T22_S2-16
2017-06-08,S5,T22,S5-13,0.466,T22_S5-13
2017-06-08,S4,T22,S4-19,0.45,T22_S4-19
2017-06-08,S6,T22,S6-28,0.479,T22_S6-28
2017-06-08,S1,T22,S1-30,0.52,T22_S1-30
2017-06-08,S3,T22,S3-25,0.487,T22_S3-25
2017-06-08,S2,T22,S2-3,0.52,T22_S2-3
2017-06-08,S5,T22,S5-2,0.492,T22_S5-2
2017-06-08,S4,T22,S4-17,0.47,T22_S4-17
2017-06-08,S6,T22,S6-13,0.478,T22_S6-13
2017-06-08,S1,T22,S1-2,0.5,T22_S1-2
2017-06-08,S3,T22,S3-16,0.492,T22_S3-16
2017-06-08,S1,T22,S1-21,0.386,T22_S1-21
2017-06-08,S2,T22,S2-6,0.498,T22_S2-6
2017-06-08,S3,T22,S3-22,0.209,T22_S3-22
2017-06-08,S4,T22,S4-5,0.302,T22_S4-5
2017-06-08,S5,T22,S5-4,0.44,T22_S5-4
2017-06-08,S6,T22,S6-4,0.426,T22_S6-4
2017-06-08,S1,T22,S1-20,0.424,T22_S1-20
2017-06-08,S2,T22,S2-27,0.5,T22_S2-27
2017-06-08,S3,T22,S3-24,0.254,T22_S3-24
2017-06-08,S5,T22,S5-16,0.4,T22_S5-16
2017-06-08,S6,T22,S6-2,0.41,T22_S6-2
2017-06-08,S1,T22,S1-27,0.42,T22_S1-27
2017-06-08,S3,T22,S3-14,0.162,T22_S3-14
2017-06-08,S4,T22,S4-27,0.252,T22_S4-27
2017-06-08,S2,T22,S2-12,0.413,T22_S2-12
2017-06-08,S5,T22,S5-24,0.491,T22_S5-24
2017-06-08,S2,T22,S2-10,0.503,T22_S2-10
2017-06-08,S1,T22,S1-4,0.47,T22_S1-4
2017-06-08,S3,T22,S3-3,0.44,T22_S3-3
2017-06-08,S4,T22,S4-25,0.463,T22_S4-25
2017-06-08,S6,T22,S6-17,0.491,T22_S6-17
2017-06-08,S5,T22,S5-14,0.492,T22_S5-14
2017-06-08,S2,T22,S2-31,0.482,T22_S2-31
2017-06-08,S1,T22,S1-17,0.448,T22_S1-17
2017-06-08,S3,T22,S3-8,0.445,T22_S3-8
2017-06-08,S4,T22,S4-22,0.379,T22_S4-22
2017-06-08,S5,T22,S5-12,0.491,T22_S5-12
2017-06-08,S2,T22,S2-8,0.503,T22_S2-8
2017-06-08,S1,T22,S1-5,0.47,T22_S1-5
2017-06-08,S3,T22,S3-28,0.44,T22_S3-28
2017-06-08,S4,T22,S4-18,0.463,T22_S4-18
2017-06-08,S6,T22,S6-10,0.491,T22_S6-10
2017-06-08,S4,T22,S4-12,0.447,T22_S4-12
2017-06-08,S6,T22,S6-5,0.472,T22_S6-5
2017-06-08,S1,T22,S1-13,0.442,T22_S1-13
2017-06-08,S3,T22,S3-4,0.501,T22_S3-4
2017-06-08,S2,T22,S2-29,0.438,T22_S2-29
2017-06-08,S5,T22,S5-6,0.489,T22_S5-6
2017-06-08,S4,T22,S4-11,0.494,T22_S4-11
2017-06-08,S6,T22,S6-1,0.447,T22_S6-1
2017-06-08,S1,T22,S1-16,0.467,T22_S1-16
2017-06-08,S3,T22,S3-11,0.45,T22_S3-11
2017-06-08,S2,T22,S2-24,0.426,T22_S2-24
2017-06-08,S5,T22,S5-18,0.433,T22_S5-18
2017-06-08,S4,T22,S4-1,0.453,T22_S4-1
2017-06-08,S6,T22,S6-18,0.449,T22_S6-18
2017-06-08,S1,T22,S1-11,0.455,T22_S1-11
2017-06-08,S3,T22,S3-2,0.443,T22_S3-2
2017-06-08,S2,T22,S2-30,0.471,T22_S2-30
2017-06-08,S5,T22,S5-21,0.442,T22_S5-21
2017-06-08,S6,T22,S6-C,0.545,T22_S6-C
2017-06-08,S6,T22,S6-M,0.504,T22_S6-M
2017-06-08,S2,T22,S2-O,0.389,T22_S2-O
2017-06-08,S2,T22,S2-Q,0.421,T22_S2-Q
2017-06-08,S2,T22,S2-J,0.479,T22_S2-J
2017-06-08,S6,T22,S6-K,0.45,T22_S6-K
2017-06-08,S2,T22,S2-I,0.47,T22_S2-I
2017-06-08,S2,T22,S2-H,0.512,T22_S2-H
2017-06-08,S6,T22,S6-G,0.547,T22_S6-G
2017-06-08,S2,T22,S2-P,0.491,T22_S2-P
2017-06-08,S2,T22,S2-N,0.459,T22_S2-N
2017-06-08,S6,T22,S6-L,0.416,T22_S6-L
2017-06-08,S2,T22,S2-E,0.486,T22_S2-E
2017-06-08,S6,T22,S6-D,0.505,T22_S6-D
2017-06-08,S6,T22,S6-F,0.553,T22_S6-F
2017-06-08,S2,T22,S2-B,0.455,T22_S2-B
2017-06-08,S2,T22,S2-A,0.443,T22_S2-A
2017-06-15,S4,T23,S4-12,0.309,T23_S4-12
2017-06-15,S6,T23,S6-5,0.387,T23_S6-5
2017-06-15,S1,T23,S1-13,0.407,T23_S1-13
2017-06-15,S3,T23,S3-4,0.385,T23_S3-4
2017-06-15,S2,T23,S2-29,0.311,T23_S2-29
2017-06-15,S5,T23,S5-6,0.39,T23_S5-6
2017-06-15,S1,T23,S1-16,0.419,T23_S1-16
2017-06-15,S6,T23,S6-1,0.332,T23_S6-1
2017-06-15,S4,T23,S4-11,0.355,T23_S4-11
2017-06-15,S3,T23,S3-11,0.378,T23_S3-11
2017-06-15,S2,T23,S2-24,0.332,T23_S2-24
2017-06-15,S5,T23,S5-18,0.394,T23_S5-18
2017-06-15,S4,T23,S4-1,0.374,T23_S4-1
2017-06-15,S6,T23,S6-18,0.328,T23_S6-18
2017-06-15,S1,T23,S1-11,0.364,T23_S1-11
2017-06-15,S3,T23,S3-2,0.291,T23_S3-2
2017-06-15,S2,T23,S2-30,0.362,T23_S2-30
2017-06-15,S5,T23,S5-21,0.327,T23_S5-21
2017-06-15,S1,T23,S1-26,0.351,T23_S1-26
2017-06-15,S3,T23,S3-18,0.351,T23_S3-18
2017-06-15,S4,T23,S4-24,0.237,T23_S4-24
2017-06-15,S1,T23,S1-6,0.337,T23_S1-6
2017-06-15,S3,T23,S3-12,0.361,T23_S3-12
2017-06-15,S4,T23,S4-26,0.246,T23_S4-26
2017-06-15,S6,T23,S6-15,0.362,T23_S6-15
2017-06-15,S2,T23,S2-7,0.336,T23_S2-7
2017-06-15,S1,T23,S1-15,0.319,T23_S1-15
2017-06-15,S6,T23,S6-23,0.159,T23_S6-23
2017-06-15,S2,T23,S2-1,0.314,T23_S2-1
2017-06-15,S3,T23,S3-26,0,T23_S3-26
2017-06-15,S4,T23,S4-16,0.207,T23_S4-16
2017-06-15,S6,T23,S6-31,0.334,T23_S6-31
2017-06-15,S5,T23,S5-5,0.404,T23_S5-5
2017-06-15,S2,T23,S2-14,0.406,T23_S2-14
2017-06-15,S1,T23,S1-29,0.36,T23_S1-29
2017-06-15,S2,T23,S2-19,0.321,T23_S2-19
2017-06-15,S5,T23,S5-20,0.304,T23_S5-20
2017-06-15,S6,T23,S6-19,0.344,T23_S6-19
2017-06-15,S1,T23,S1-3,0.41,T23_S1-3
2017-06-15,S2,T23,S2-5,0.389,T23_S2-5
2017-06-15,S6,T23,S6-22,0.316,T23_S6-22
2017-06-15,S2,T23,S2-26,0.303,T23_S2-26
2017-06-15,S5,T23,S5-26,0.35,T23_S5-26
2017-06-15,S3,T23,S3-15,0.137,T23_S3-15
2017-06-15,S4,T23,S4-20,0.129,T23_S4-20
2017-06-15,S3,T23,S3-23,0.125,T23_S3-23
2017-06-15,S4,T23,S4-23,0.124,T23_S4-23
2017-06-15,S6,T23,S6-16,0.306,T23_S6-16
2017-06-15,S1,T23,S1-21,0.295,T23_S1-21
2017-06-15,S2,T23,S2-6,0.368,T23_S2-6
2017-06-15,S3,T23,S3-22,0.375,T23_S3-22
2017-06-15,S4,T23,S4-5,0.274,T23_S4-5
2017-06-15,S5,T23,S5-4,0.331,T23_S5-4
2017-06-15,S6,T23,S6-4,0.251,T23_S6-4
2017-06-15,S1,T23,S1-20,0.379,T23_S1-20
2017-06-15,S2,T23,S2-27,0.354,T23_S2-27
2017-06-15,S3,T23,S3-24,0.182,T23_S3-24
2017-06-15,S5,T23,S5-16,0.317,T23_S5-16
2017-06-15,S6,T23,S6-2,0.268,T23_S6-2
2017-06-15,S1,T23,S1-27,0.353,T23_S1-27
2017-06-15,S3,T23,S3-14,0.164,T23_S3-14
2017-06-15,S4,T23,S4-27,0.3,T23_S4-27
2017-06-15,S2,T23,S2-12,0.318,T23_S2-12
2017-06-15,S5,T23,S5-24,0.495,T23_S5-24
2017-06-15,S2,T23,S2-10,0.403,T23_S2-10
2017-06-15,S1,T23,S1-4,0.374,T23_S1-4
2017-06-15,S3,T23,S3-3,0.369,T23_S3-3
2017-06-15,S4,T23,S4-25,0.433,T23_S4-25
2017-06-15,S6,T23,S6-17,0.436,T23_S6-17
2017-06-15,S5,T23,S5-14,0.404,T23_S5-14
2017-06-15,S2,T23,S2-31,0.382,T23_S2-31
2017-06-15,S1,T23,S1-17,0.304,T23_S1-17
2017-06-15,S3,T23,S3-8,0.372,T23_S3-8
2017-06-15,S4,T23,S4-22,0.311,T23_S4-22
2017-06-15,S5,T23,S5-12,0.342,T23_S5-12
2017-06-15,S2,T23,S2-8,0.394,T23_S2-8
2017-06-15,S1,T23,S1-5,0.357,T23_S1-5
2017-06-15,S3,T23,S3-28,0.325,T23_S3-28
2017-06-15,S4,T23,S4-18,0.251,T23_S4-18
2017-06-15,S6,T23,S6-10,0.342,T23_S6-10
2017-06-15,S2,T23,S2-22,0.355,T23_S2-22
2017-06-15,S5,T23,S5-10,0.339,T23_S5-10
2017-06-15,S4,T23,S4-21,0.311,T23_S4-21
2017-06-15,S6,T23,S6-14,0.391,T23_S6-14
2017-06-15,S1,T23,S1-22,0.425,T23_S1-22
2017-06-15,S3,T23,S3-9,0.488,T23_S3-9
2017-06-15,S2,T23,S2-16,0.318,T23_S2-16
2017-06-15,S5,T23,S5-13,0.336,T23_S5-13
2017-06-15,S4,T23,S4-19,0.39,T23_S4-19
2017-06-15,S6,T23,S6-28,0.398,T23_S6-28
2017-06-15,S1,T23,S1-30,0.448,T23_S1-30
2017-06-15,S3,T23,S3-25,0.449,T23_S3-25
2017-06-15,S2,T23,S2-3,0.391,T23_S2-3
2017-06-15,S5,T23,S5-2,0.301,T23_S5-2
2017-06-15,S4,T23,S4-17,0.377,T23_S4-17
2017-06-15,S6,T23,S6-13,0.407,T23_S6-13
2017-06-15,S1,T23,S1-2,0.439,T23_S1-2
2017-06-15,S3,T23,S3-16,0.453,T23_S3-16
2017-06-15,S6,T23,S6-C,0.514,T23_S6-C
2017-06-15,S6,T23,S6-M,0.466,T23_S6-M
2017-06-15,S2,T23,S2-O,0.39,T23_S2-O
2017-06-15,S2,T23,S2-Q,0.379,T23_S2-Q
2017-06-15,S2,T23,S2-J,0.444,T23_S2-J
2017-06-15,S6,T23,S6-K,0.404,T23_S6-K
2017-06-15,S2,T23,S2-I,0.461,T23_S2-I
2017-06-15,S2,T23,S2-H,0.448,T23_S2-H
2017-06-15,S6,T23,S6-G,0.516,T23_S6-G
2017-06-15,S2,T23,S2-P,0.414,T23_S2-P
2017-06-15,S2,T23,S2-N,0.358,T23_S2-N
2017-06-15,S6,T23,S6-L,0.4,T23_S6-L
2017-06-15,S2,T23,S2-E,0.466,T23_S2-E
2017-06-15,S6,T23,S6-D,0.507,T23_S6-D
2017-07-20,S4,T24,S4-12,0.45,T24_S4-12
2017-07-20,S6,T24,S6-5,0.426,T24_S6-5
2017-07-20,S1,T24,S1-13,0.508,T24_S1-13
2017-07-20,S3,T24,S3-4,0.472,T24_S3-4
2017-07-20,S2,T24,S2-29,0.473,T24_S2-29
2017-07-20,S5,T24,S5-6,0.486,T24_S5-6
2017-07-20,S1,T24,S1-16,0.477,T24_S1-16
2017-07-20,S6,T24,S6-1,0.485,T24_S6-1
2017-07-20,S4,T24,S4-11,0.483,T24_S4-11
2017-07-20,S3,T24,S3-11,0.439,T24_S3-11
2017-07-20,S2,T24,S2-24,0.268,T24_S2-24
2017-07-20,S5,T24,S5-18,0.279,T24_S5-18
2017-07-20,S4,T24,S4-1,0.385,T24_S4-1
2017-07-20,S6,T24,S6-18,0.444,T24_S6-18
2017-07-20,S1,T24,S1-11,0.31,T24_S1-11
2017-07-20,S3,T24,S3-2,0.321,T24_S3-2
2017-07-20,S2,T24,S2-30,0.506,T24_S2-30
2017-07-20,S5,T24,S5-21,0.458,T24_S5-21
2017-07-20,S1,T24,S1-26,0.419,T24_S1-26
2017-07-20,S3,T24,S3-18,0.441,T24_S3-18
2017-07-20,S4,T24,S4-24,0.263,T24_S4-24
2017-07-20,S1,T24,S1-6,0.467,T24_S1-6
2017-07-20,S3,T24,S3-12,0.331,T24_S3-12
2017-07-20,S4,T24,S4-26,0.253,T24_S4-26
2017-07-20,S6,T24,S6-15,0.442,T24_S6-15
2017-07-20,S2,T24,S2-7,0.222,T24_S2-7
2017-07-20,S1,T24,S1-15,0.39,T24_S1-15
2017-07-20,S2,T24,S2-1,0.354,T24_S2-1
2017-07-20,S4,T24,S4-16,0.185,T24_S4-16
2017-07-20,S6,T24,S6-31,0.299,T24_S6-31
2017-07-20,S2,T24,S2-14,0.308,T24_S2-14
2017-07-20,S1,T24,S1-29,0.504,T24_S1-29
2017-07-20,S2,T24,S2-19,0.502,T24_S2-19
2017-07-20,S5,T24,S5-20,0.425,T24_S5-20
2017-07-20,S6,T24,S6-19,0.461,T24_S6-19
2017-07-20,S1,T24,S1-3,0.403,T24_S1-3
2017-07-20,S2,T24,S2-5,0.504,T24_S2-5
2017-07-20,S6,T24,S6-22,0.414,T24_S6-22
2017-07-20,S2,T24,S2-26,0.492,T24_S2-26
2017-07-20,S5,T24,S5-26,0.195,T24_S5-26
2017-07-20,S3,T24,S3-15,0.29,T24_S3-15
2017-07-20,S4,T24,S4-20,0.408,T24_S4-20
2017-07-20,S3,T24,S3-23,0.375,T24_S3-23
2017-07-20,S4,T24,S4-23,0.394,T24_S4-23
2017-07-20,S6,T24,S6-16,0.431,T24_S6-16
2017-07-20,S1,T24,S1-21,0,T24_S1-21
2017-07-20,S2,T24,S2-6,0.496,T24_S2-6
2017-07-20,S3,T24,S3-22,0.386,T24_S3-22
2017-07-20,S5,T24,S5-4,0.419,T24_S5-4
2017-07-20,S1,T24,S1-20,0,T24_S1-20
2017-07-20,S2,T24,S2-27,0.458,T24_S2-27
2017-07-20,S3,T24,S3-24,0.305,T24_S3-24
2017-07-20,S5,T24,S5-16,0,T24_S5-16
2017-07-20,S1,T24,S1-27,0.398,T24_S1-27
2017-07-20,S3,T24,S3-14,0.223,T24_S3-14
2017-07-20,S2,T24,S2-12,0.351,T24_S2-12
2017-07-20,S5,T24,S5-24,0.41,T24_S5-24
2017-07-20,S2,T24,S2-10,0.336,T24_S2-10
2017-07-20,S1,T24,S1-4,0.413,T24_S1-4
2017-07-20,S3,T24,S3-3,0.448,T24_S3-3
2017-07-20,S6,T24,S6-17,0.3,T24_S6-17
2017-07-20,S5,T24,S5-14,0.414,T24_S5-14
2017-07-20,S2,T24,S2-31,0.366,T24_S2-31
2017-07-20,S1,T24,S1-17,0.218,T24_S1-17
2017-07-20,S3,T24,S3-8,0.351,T24_S3-8
2017-07-20,S4,T24,S4-22,0.215,T24_S4-22
2017-07-20,S5,T24,S5-12,0.45,T24_S5-12
2017-07-20,S2,T24,S2-8,0.36,T24_S2-8
2017-07-20,S1,T24,S1-5,0.418,T24_S1-5
2017-07-20,S3,T24,S3-28,0.414,T24_S3-28
2017-07-20,S4,T24,S4-18,0.214,T24_S4-18
2017-07-20,S2,T24,S2-22,0.467,T24_S2-22
2017-07-20,S5,T24,S5-10,0.474,T24_S5-10
2017-07-20,S4,T24,S4-21,0.249,T24_S4-21
2017-07-20,S6,T24,S6-14,0.449,T24_S6-14
2017-07-20,S1,T24,S1-22,0.445,T24_S1-22
2017-07-20,S3,T24,S3-9,0.489,T24_S3-9
2017-07-20,S2,T24,S2-16,0.457,T24_S2-16
2017-07-20,S5,T24,S5-13,0.457,T24_S5-13
2017-07-20,S4,T24,S4-19,0.413,T24_S4-19
2017-07-20,S6,T24,S6-28,0.441,T24_S6-28
2017-07-20,S1,T24,S1-30,0.453,T24_S1-30
2017-07-20,S3,T24,S3-25,0.441,T24_S3-25
2017-07-20,S2,T24,S2-3,0.491,T24_S2-3
2017-07-20,S5,T24,S5-2,0.44,T24_S5-2
2017-07-20,S4,T24,S4-17,0.411,T24_S4-17
2017-07-20,S6,T24,S6-13,0.419,T24_S6-13
2017-07-20,S1,T24,S1-2,0.458,T24_S1-2
2017-07-20,S3,T24,S3-16,0.394,T24_S3-16
